################################################################################
# Neural network connection values (weights and biases).
################################################################################
# Col  Name       Description
################################################################################
# 1    connection Neural network connection value.
# 2    t          Connection type (a = weight, b = bias).
# 3    index      Index enumerating weights.
# 4    l_s        Starting point layer (end point layer for biases).
# 5    n_s        Starting point neuron in starting layer (end point neuron for biases).
# 6    l_e        End point layer.
# 7    n_e        End point neuron in end layer.
################################################################################
#                      1 2         3     4     5     6     7
#             connection t     index   l_s   n_s   l_e   n_e
############################################################
 -1.3906755379291000E+00 a         1     0     1     1     1
  2.3390766925701809E-01 a         2     0     1     1     2
  7.6700651266277753E-01 a         3     0     1     1     3
 -8.2829991646328016E-01 a         4     0     1     1     4
 -2.7265385125124697E-01 a         5     0     1     1     5
  6.0475560968762831E-02 a         6     0     1     1     6
 -3.1118979018153695E-02 a         7     0     1     1     7
 -8.3445161740301740E-02 a         8     0     1     1     8
  2.3106777524147012E-02 a         9     0     1     1     9
  2.4023970308822384E-01 a        10     0     1     1    10
  1.0508956307660235E+00 a        11     0     1     1    11
 -1.4530132497551673E-01 a        12     0     1     1    12
  1.4998120153065331E+00 a        13     0     2     1     1
  8.2325377176323475E-03 a        14     0     2     1     2
 -2.2857296801860233E-01 a        15     0     2     1     3
 -4.4388237232706806E-01 a        16     0     2     1     4
 -7.2649465123488022E-01 a        17     0     2     1     5
 -5.9634764555572184E-01 a        18     0     2     1     6
 -2.0343827621776064E-01 a        19     0     2     1     7
 -3.5107131629375804E-01 a        20     0     2     1     8
  5.8835473152116929E-02 a        21     0     2     1     9
  1.0164299353373951E+00 a        22     0     2     1    10
  2.4520019917670052E-01 a        23     0     2     1    11
  5.2479415632050086E-01 a        24     0     2     1    12
 -9.3839395345196486E-01 a        25     0     3     1     1
  3.6130368459373291E-01 a        26     0     3     1     2
  9.7615784782289827E-01 a        27     0     3     1     3
 -4.9975444406002051E-01 a        28     0     3     1     4
 -2.0898514011116753E-01 a        29     0     3     1     5
 -1.0339083567922065E-01 a        30     0     3     1     6
 -3.5931495757445253E-02 a        31     0     3     1     7
 -3.1144966346608998E-02 a        32     0     3     1     8
 -3.6003049519358010E-02 a        33     0     3     1     9
  2.6806474426089305E-01 a        34     0     3     1    10
  5.0140850980880114E-01 a        35     0     3     1    11
 -1.6143403762411823E-01 a        36     0     3     1    12
  7.3683702595784617E-01 a        37     0     4     1     1
  9.8455839824271529E-02 a        38     0     4     1     2
  1.1024375107264853E-02 a        39     0     4     1     3
 -2.0563771410182566E-01 a        40     0     4     1     4
 -3.8948430500632292E-01 a        41     0     4     1     5
 -4.5450278764957308E-01 a        42     0     4     1     6
 -3.4693188097560063E-01 a        43     0     4     1     7
  1.1583655214816260E-01 a        44     0     4     1     8
 -1.0713098187226783E-01 a        45     0     4     1     9
  5.6972015948811883E-01 a        46     0     4     1    10
  1.5705017841350008E-01 a        47     0     4     1    11
  3.2102875815249265E-01 a        48     0     4     1    12
 -3.8725342431102860E-01 a        49     0     5     1     1
  1.2851658133856014E-01 a        50     0     5     1     2
  8.9275625627550959E-01 a        51     0     5     1     3
 -2.2120310378321785E-03 a        52     0     5     1     4
 -4.1941290057198849E-02 a        53     0     5     1     5
 -2.8413745975156623E-01 a        54     0     5     1     6
  1.6887952464115363E-01 a        55     0     5     1     7
 -6.2602723494082094E-02 a        56     0     5     1     8
 -5.6367369018099731E-02 a        57     0     5     1     9
  2.0388303126187739E-04 a        58     0     5     1    10
  1.3829980854187143E-01 a        59     0     5     1    11
 -2.3721108294392174E-01 a        60     0     5     1    12
  2.5857451665325398E-01 a        61     0     6     1     1
  1.3033046040866836E-01 a        62     0     6     1     2
 -1.7547115756011880E-01 a        63     0     6     1     3
 -1.2979653032529320E-02 a        64     0     6     1     4
 -4.8684834936029836E-01 a        65     0     6     1     5
 -2.6459914009114177E-01 a        66     0     6     1     6
 -1.1298900610922609E-01 a        67     0     6     1     7
  2.5900977601623050E-03 a        68     0     6     1     8
 -2.6552416613714291E-01 a        69     0     6     1     9
 -5.8148855257195424E-02 a        70     0     6     1    10
  1.5415306591471689E-01 a        71     0     6     1    11
  2.8767988371115499E-01 a        72     0     6     1    12
 -5.2894169182414671E-02 a        73     0     7     1     1
  9.5719860698213491E-02 a        74     0     7     1     2
  8.0410542318009004E-01 a        75     0     7     1     3
  6.5332341977250352E-02 a        76     0     7     1     4
 -1.5361939270212543E-01 a        77     0     7     1     5
 -2.4043675565416142E-01 a        78     0     7     1     6
  2.8040134517513585E-02 a        79     0     7     1     7
  1.6771287138057112E-01 a        80     0     7     1     8
  1.5022222884771990E-02 a        81     0     7     1     9
  1.5213694086472088E-01 a        82     0     7     1    10
 -9.0858510701830542E-02 a        83     0     7     1    11
  2.2445311930666990E-02 a        84     0     7     1    12
 -1.6703620273656024E-02 a        85     0     8     1     1
  9.6281804793397013E-02 a        86     0     8     1     2
  2.4311716366339702E-02 a        87     0     8     1     3
 -8.1039840694195869E-02 a        88     0     8     1     4
 -1.3945517180205247E-01 a        89     0     8     1     5
 -2.1729611556044184E-01 a        90     0     8     1     6
  1.2408755406532208E-02 a        91     0     8     1     7
  3.3282639261805891E-01 a        92     0     8     1     8
 -1.8122643441164277E-01 a        93     0     8     1     9
 -2.6935085256343233E-01 a        94     0     8     1    10
 -7.8381740975995359E-02 a        95     0     8     1    11
 -1.0567815409181066E-05 a        96     0     8     1    12
  1.3548584040079417E-01 a        97     0     9     1     1
  1.5473683393626195E-01 a        98     0     9     1     2
  7.0756163415975615E-01 a        99     0     9     1     3
  1.5950828003352502E-01 a       100     0     9     1     4
  1.2012447751752374E-01 a       101     0     9     1     5
 -1.8006662747258653E-01 a       102     0     9     1     6
  2.6408626353445232E-02 a       103     0     9     1     7
 -5.5336258067536101E-02 a       104     0     9     1     8
  2.0820239736749549E-01 a       105     0     9     1     9
 -1.0396498213064412E-01 a       106     0     9     1    10
  2.2221685733497944E-02 a       107     0     9     1    11
  2.5866780560186868E-02 a       108     0     9     1    12
 -7.5165475262150092E-03 a       109     0    10     1     1
  6.5766199086960186E-02 a       110     0    10     1     2
  2.1355632273563821E-01 a       111     0    10     1     3
  1.4580389505626942E-02 a       112     0    10     1     4
 -2.1701458326076414E-01 a       113     0    10     1     5
 -1.8936247336335979E-01 a       114     0    10     1     6
  2.4423118839429037E-01 a       115     0    10     1     7
  1.8911538787635043E-01 a       116     0    10     1     8
 -3.2133524859129181E-01 a       117     0    10     1     9
 -2.6104582473120930E-01 a       118     0    10     1    10
  1.9025668243758867E-01 a       119     0    10     1    11
  6.1558069961611769E-02 a       120     0    10     1    12
  8.4126464351175712E-02 a       121     0    11     1     1
  1.0193617540079661E-01 a       122     0    11     1     2
  5.1775159764105205E-01 a       123     0    11     1     3
 -6.7894787377099156E-02 a       124     0    11     1     4
 -5.0873887572474338E-02 a       125     0    11     1     5
 -2.2904946327963152E-01 a       126     0    11     1     6
 -5.6636135292657382E-02 a       127     0    11     1     7
  8.4214937514749174E-03 a       128     0    11     1     8
  5.4977054772248048E-02 a       129     0    11     1     9
 -6.6864102162194836E-02 a       130     0    11     1    10
 -6.9953458826997966E-02 a       131     0    11     1    11
  1.6160192708618890E-01 a       132     0    11     1    12
 -2.2792653609601157E-01 a       133     0    12     1     1
  8.3930049031430087E-02 a       134     0    12     1     2
  7.5247008233838342E-02 a       135     0    12     1     3
  2.8886886138713878E-02 a       136     0    12     1     4
 -1.5010059318063157E-01 a       137     0    12     1     5
 -4.4243857427737965E-01 a       138     0    12     1     6
  1.4660039001557121E-01 a       139     0    12     1     7
  2.0957056878850866E-01 a       140     0    12     1     8
 -2.4977421689000937E-01 a       141     0    12     1     9
 -3.6760353688552755E-01 a       142     0    12     1    10
 -2.8958341540808428E-02 a       143     0    12     1    11
  3.2128024316619430E-01 a       144     0    12     1    12
  2.8574064192707394E-01 a       145     0    13     1     1
 -3.5743511167160436E-01 a       146     0    13     1     2
  7.2528419802053512E-01 a       147     0    13     1     3
  1.7292912098603885E+00 a       148     0    13     1     4
 -7.3448978605423765E-01 a       149     0    13     1     5
 -3.3622023605630474E-01 a       150     0    13     1     6
  1.3014753668497372E+00 a       151     0    13     1     7
 -4.3711716778338856E-02 a       152     0    13     1     8
  4.2692211880906888E-01 a       153     0    13     1     9
  6.5129886122739988E-01 a       154     0    13     1    10
 -9.0357662192171151E-01 a       155     0    13     1    11
 -2.0017026863427800E-01 a       156     0    13     1    12
  8.7346074632006687E-01 a       157     0    14     1     1
 -2.9034178512713554E-01 a       158     0    14     1     2
  5.1728496706860094E-01 a       159     0    14     1     3
  1.3843254441339278E-01 a       160     0    14     1     4
 -4.9500399994012156E-01 a       161     0    14     1     5
  6.4718643033893186E-01 a       162     0    14     1     6
 -7.5850755134166203E-01 a       163     0    14     1     7
 -9.5410962966717250E-01 a       164     0    14     1     8
  1.6299135245684084E+00 a       165     0    14     1     9
  5.2411823886583597E-01 a       166     0    14     1    10
 -6.0201200804312271E-01 a       167     0    14     1    11
 -1.4545303436333261E+00 a       168     0    14     1    12
 -1.2129453982511899E-01 a       169     0    15     1     1
 -5.0087119225737620E-01 a       170     0    15     1     2
  1.0641425091904817E+00 a       171     0    15     1     3
  6.8660533090665299E-01 a       172     0    15     1     4
 -1.0756070067728467E-01 a       173     0    15     1     5
  1.9085591910809054E+00 a       174     0    15     1     6
  3.2780849485141667E-01 a       175     0    15     1     7
 -2.0717561467945422E-01 a       176     0    15     1     8
  4.7716783242568180E-02 a       177     0    15     1     9
  2.6078373240386005E-01 a       178     0    15     1    10
 -3.4244961890149239E-01 a       179     0    15     1    11
 -3.8473337347991449E-01 a       180     0    15     1    12
 -2.3531544923250100E-01 a       181     0    16     1     1
 -3.1436816347154517E-01 a       182     0    16     1     2
  4.8880912221666950E-01 a       183     0    16     1     3
 -1.9921396119020281E-02 a       184     0    16     1     4
  3.1445642851281247E-01 a       185     0    16     1     5
 -4.6144464990883810E-01 a       186     0    16     1     6
 -3.6101440796328793E-01 a       187     0    16     1     7
  5.8365564091679878E-01 a       188     0    16     1     8
  1.4578612694551496E+00 a       189     0    16     1     9
  8.9617207550094960E-02 a       190     0    16     1    10
 -1.7092353608182063E+00 a       191     0    16     1    11
  4.5153583670411357E-01 a       192     0    16     1    12
 -2.0934826329359987E-01 a       193     0    17     1     1
  1.2451557305448939E-01 a       194     0    17     1     2
 -1.1139523296291400E-02 a       195     0    17     1     3
 -1.4213714768014034E+00 a       196     0    17     1     4
  7.2287315983279188E-01 a       197     0    17     1     5
  1.0375020420498211E+00 a       198     0    17     1     6
 -1.6872849872810773E+00 a       199     0    17     1     7
  1.0031748323185893E-01 a       200     0    17     1     8
 -8.6230923039670934E-02 a       201     0    17     1     9
 -6.1790505142200225E-01 a       202     0    17     1    10
  7.2453235554206341E-01 a       203     0    17     1    11
  4.3055479655288603E-01 a       204     0    17     1    12
 -7.6798255163289930E-01 a       205     0    18     1     1
 -4.1341629652700856E-01 a       206     0    18     1     2
  2.9300321467015247E-02 a       207     0    18     1     3
  2.7023651447944563E-01 a       208     0    18     1     4
  1.3054607243303262E+00 a       209     0    18     1     5
 -1.1687327188615793E+00 a       210     0    18     1     6
  2.6166568370246784E-01 a       211     0    18     1     7
  7.9967745077895447E-01 a       212     0    18     1     8
 -7.8985187259905465E-01 a       213     0    18     1     9
 -3.9446760394141284E-01 a       214     0    18     1    10
 -2.7237267727518055E-01 a       215     0    18     1    11
  1.2640605561777936E+00 a       216     0    18     1    12
  1.0543498073167504E-01 a       217     0    19     1     1
  6.3632274566364511E-01 a       218     0    19     1     2
 -6.0778771901697581E-01 a       219     0    19     1     3
 -7.3677363588404621E-01 a       220     0    19     1     4
  2.7804288781304054E-01 a       221     0    19     1     5
 -1.4187604543781407E+00 a       222     0    19     1     6
 -8.1122931961556555E-01 a       223     0    19     1     7
  3.6978156973435133E-01 a       224     0    19     1     8
  9.5645030706782014E-02 a       225     0    19     1     9
 -3.1286586526634252E-01 a       226     0    19     1    10
  1.9549068987704785E-01 a       227     0    19     1    11
  7.9083610317889086E-01 a       228     0    19     1    12
 -2.3034083303228309E-01 a       229     0    20     1     1
  6.8339051458959257E-02 a       230     0    20     1     2
 -3.9164247749695830E-01 a       231     0    20     1     3
  8.3350044558553188E-02 a       232     0    20     1     4
 -3.8078510229436154E-02 a       233     0    20     1     5
 -5.7484719738780521E-01 a       234     0    20     1     6
  8.7578981836264624E-01 a       235     0    20     1     7
  3.4424925935069001E-01 a       236     0    20     1     8
 -1.8519524942286341E+00 a       237     0    20     1     9
 -7.0733241113381340E-01 a       238     0    20     1    10
  1.4019483330783975E+00 a       239     0    20     1    11
  3.5535170116326048E-01 a       240     0    20     1    12
  4.2793739728634306E-01 a       241     0    21     1     1
  1.9132117054798389E-02 a       242     0    21     1     2
  7.6493654929922572E-01 a       243     0    21     1     3
  7.7679148358708761E-01 a       244     0    21     1     4
 -5.2466562445728337E-01 a       245     0    21     1     5
 -1.4433571704654966E+00 a       246     0    21     1     6
  1.2794264473485719E+00 a       247     0    21     1     7
  2.7994988592037395E-01 a       248     0    21     1     8
  2.3787341228132727E-01 a       249     0    21     1     9
  2.7372973291120617E-01 a       250     0    21     1    10
 -7.3130613086675733E-01 a       251     0    21     1    11
 -1.3047777651709316E-01 a       252     0    21     1    12
  3.8994259138576942E-01 a       253     0    22     1     1
  3.5204149798936774E-01 a       254     0    22     1     2
  6.1994552131745005E-02 a       255     0    22     1     3
 -4.0138101214511074E-01 a       256     0    22     1     4
 -1.3821005148628052E+00 a       257     0    22     1     5
  4.1702675219327406E-01 a       258     0    22     1     6
  6.1315129959936132E-01 a       259     0    22     1     7
 -2.6924697163776479E-02 a       260     0    22     1     8
  3.0886900610028045E-01 a       261     0    22     1     9
 -9.4624203388713954E-02 a       262     0    22     1    10
  3.4568655647299318E-01 a       263     0    22     1    11
 -8.9644783934685901E-01 a       264     0    22     1    12
 -2.5443177298287456E-01 a       265     0    23     1     1
 -6.8935948280682580E-01 a       266     0    23     1     2
  1.7359541521147437E+00 a       267     0    23     1     3
  4.7716845479125364E-01 a       268     0    23     1     4
 -3.6325438862325032E-01 a       269     0    23     1     5
  5.4306829814113911E-01 a       270     0    23     1     6
  4.9172350219352584E-01 a       271     0    23     1     7
 -1.3795250652082255E-01 a       272     0    23     1     8
  7.2187921277769407E-02 a       273     0    23     1     9
  3.8535318368344229E-01 a       274     0    23     1    10
 -1.7982097350613480E-01 a       275     0    23     1    11
 -7.5886526038998348E-01 a       276     0    23     1    12
  5.1534323868884804E-02 a       277     0    24     1     1
  3.7043511687864877E-01 a       278     0    24     1     2
  3.8825628600580930E-01 a       279     0    24     1     3
 -2.5466042996057047E-02 a       280     0    24     1     4
 -6.1771740617848703E-01 a       281     0    24     1     5
  1.4021816098814342E-02 a       282     0    24     1     6
 -2.0727791593467471E-01 a       283     0    24     1     7
  2.7843879113840005E-02 a       284     0    24     1     8
  9.9934716718210459E-01 a       285     0    24     1     9
  1.7620509242546145E-01 a       286     0    24     1    10
 -9.1365646843570636E-01 a       287     0    24     1    11
 -1.3302519980131228E-01 a       288     0    24     1    12
 -4.9667427287830651E-01 a       289     0    25     1     1
  3.9824305264176629E-01 a       290     0    25     1     2
  1.0918843507595666E+00 a       291     0    25     1     3
 -4.6971239208787186E-01 a       292     0    25     1     4
  3.1416023881111499E-01 a       293     0    25     1     5
  6.0908708920032462E-01 a       294     0    25     1     6
 -1.0424038782747678E+00 a       295     0    25     1     7
 -2.8423863973594293E-01 a       296     0    25     1     8
  1.7225374879645375E-01 a       297     0    25     1     9
 -1.1557916710819509E-01 a       298     0    25     1    10
  3.5976811848968260E-01 a       299     0    25     1    11
 -4.0125321191909844E-04 a       300     0    25     1    12
 -1.8644139538517540E-01 a       301     0    26     1     1
  1.9273578109176320E-01 a       302     0    26     1     2
 -2.5465133738985551E-01 a       303     0    26     1     3
 -3.0842102737677485E-02 a       304     0    26     1     4
  2.9165355857232800E-01 a       305     0    26     1     5
 -5.1308649843099363E-01 a       306     0    26     1     6
 -3.3880976612699842E-01 a       307     0    26     1     7
  2.4495495505009982E-01 a       308     0    26     1     8
 -1.7972731008691054E-01 a       309     0    26     1     9
 -5.4699695319200083E-02 a       310     0    26     1    10
 -6.1770778066657062E-01 a       311     0    26     1    11
  3.4269539689037412E-02 a       312     0    26     1    12
  9.5177143136184306E-02 a       313     0    27     1     1
  4.2174504979735389E-01 a       314     0    27     1     2
  3.5098859048512665E-01 a       315     0    27     1     3
 -8.0816193763960820E-02 a       316     0    27     1     4
  1.2922522000896422E-02 a       317     0    27     1     5
 -4.9214319693673947E-01 a       318     0    27     1     6
 -2.2795853039567537E-01 a       319     0    27     1     7
 -9.4993523002459765E-03 a       320     0    27     1     8
 -1.4944864676628863E-01 a       321     0    27     1     9
 -1.9125719194023347E-01 a       322     0    27     1    10
 -2.7168325028856061E-01 a       323     0    27     1    11
  4.9436912374335273E-01 a       324     0    27     1    12
 -1.8433590138171788E-01 a       325     0    28     1     1
  2.6877192106770312E-02 a       326     0    28     1     2
 -7.3511268176858505E-02 a       327     0    28     1     3
  1.2788008253511629E-01 a       328     0    28     1     4
  1.6096488995821676E-01 a       329     0    28     1     5
 -4.8896027641864785E-02 a       330     0    28     1     6
 -4.7163833333458799E-01 a       331     0    28     1     7
  3.6595757800065198E-01 a       332     0    28     1     8
 -3.2303184477764330E-01 a       333     0    28     1     9
 -3.2119885561952876E-03 a       334     0    28     1    10
 -1.5550415670203105E-02 a       335     0    28     1    11
  2.3928953567749700E-01 a       336     0    28     1    12
 -9.0600224477386717E-03 a       337     0    29     1     1
 -6.3197674775772067E-02 a       338     0    29     1     2
  7.0031435788985863E-01 a       339     0    29     1     3
 -1.1750007111042177E-01 a       340     0    29     1     4
 -4.9519163602958716E-02 a       341     0    29     1     5
  1.4553098809566803E-01 a       342     0    29     1     6
  1.8063078665886911E-01 a       343     0    29     1     7
 -1.8803859829065531E-02 a       344     0    29     1     8
  8.2622001239337235E-03 a       345     0    29     1     9
  5.2101160577864555E-02 a       346     0    29     1    10
 -2.6662133037553110E-01 a       347     0    29     1    11
  1.0544412341708306E-01 a       348     0    29     1    12
 -4.8056912562910975E-02 a       349     0    30     1     1
 -1.3025539615156873E-01 a       350     0    30     1     2
  4.7559474110660159E-02 a       351     0    30     1     3
 -1.7587630344090688E-01 a       352     0    30     1     4
 -2.7596907253581437E-01 a       353     0    30     1     5
 -4.1867517833744594E-01 a       354     0    30     1     6
  5.6040065643911385E-01 a       355     0    30     1     7
  2.6863546681878808E-01 a       356     0    30     1     8
 -5.7970253101735925E-01 a       357     0    30     1     9
  1.0204390425976732E-01 a       358     0    30     1    10
  1.1156386781753842E-01 a       359     0    30     1    11
  3.5206545616574059E-01 a       360     0    30     1    12
  5.7090091859506842E-01 a       361     0    31     1     1
 -1.4024921986983482E-01 a       362     0    31     1     2
 -1.3705432483733518E-01 a       363     0    31     1     3
  4.5553529047416874E-01 a       364     0    31     1     4
 -1.9392233636119599E-01 a       365     0    31     1     5
  3.7981717419910611E-02 a       366     0    31     1     6
  1.2584662996310437E-02 a       367     0    31     1     7
  3.5105368920133201E-01 a       368     0    31     1     8
  1.2071697679853877E-01 a       369     0    31     1     9
  1.4529281489759981E-02 a       370     0    31     1    10
 -2.4727456808679502E-01 a       371     0    31     1    11
 -2.4195840127503207E-01 a       372     0    31     1    12
 -9.4594703507163602E-01 a       373     0    32     1     1
  2.8247272186111316E-01 a       374     0    32     1     2
 -7.7294206979937952E-01 a       375     0    32     1     3
  3.1077115199446609E-01 a       376     0    32     1     4
 -9.2217070634110954E-01 a       377     0    32     1     5
 -8.2938696755749952E-01 a       378     0    32     1     6
  6.8984547387594553E-01 a       379     0    32     1     7
  5.8083747786203932E-01 a       380     0    32     1     8
  3.1928641294138982E-01 a       381     0    32     1     9
 -6.1368748914658167E-01 a       382     0    32     1    10
 -9.4384817538529198E-01 a       383     0    32     1    11
 -6.5606787897565747E-03 a       384     0    32     1    12
  9.7439367826641576E-01 a       385     0    33     1     1
 -1.4371252109392305E-01 a       386     0    33     1     2
  5.8045304335812453E-01 a       387     0    33     1     3
  1.6035200551326561E+00 a       388     0    33     1     4
  1.6403937754750794E-01 a       389     0    33     1     5
 -7.9441284517810384E-01 a       390     0    33     1     6
  8.9212158618017667E-01 a       391     0    33     1     7
 -1.0268018968908661E+00 a       392     0    33     1     8
 -2.6465117857198261E-01 a       393     0    33     1     9
  2.8333070275553174E-01 a       394     0    33     1    10
 -1.2016044181341956E+00 a       395     0    33     1    11
  3.1895019848008571E-01 a       396     0    33     1    12
 -4.6816566593448892E+00 a       397     0    34     1     1
  6.2173914574466382E-01 a       398     0    34     1     2
 -3.8821348073038511E+00 a       399     0    34     1     3
  3.1546173913018016E+00 a       400     0    34     1     4
 -3.0774114557791027E-01 a       401     0    34     1     5
 -7.7042480736958852E-01 a       402     0    34     1     6
 -1.5982336877665280E+00 a       403     0    34     1     7
  3.5568213802332833E+00 a       404     0    34     1     8
 -1.2065559193225441E+00 a       405     0    34     1     9
 -3.0799056804875655E+00 a       406     0    34     1    10
  7.4593470484118540E-01 a       407     0    34     1    11
  1.3158671910021820E+00 a       408     0    34     1    12
 -1.2812207164342910E+01 a       409     0    35     1     1
  2.8772409909144434E+00 a       410     0    35     1     2
  3.9076023096026504E+00 a       411     0    35     1     3
 -6.9735656334878744E+00 a       412     0    35     1     4
  2.5885853299736592E+00 a       413     0    35     1     5
  3.9652404875396527E+00 a       414     0    35     1     6
  6.8344522267820835E+00 a       415     0    35     1     7
 -3.0005639723782545E+00 a       416     0    35     1     8
 -7.1159500391958230E-01 a       417     0    35     1     9
  2.8780881584628459E+00 a       418     0    35     1    10
  1.0133063520390873E+01 a       419     0    35     1    11
 -1.6516855457190114E+00 a       420     0    35     1    12
  4.6749439505381778E+00 a       421     0    36     1     1
 -1.8414878323819561E+00 a       422     0    36     1     2
 -1.3759936597108570E+01 a       423     0    36     1     3
  8.4449195376781319E+00 a       424     0    36     1     4
 -4.3866936857465149E+00 a       425     0    36     1     5
 -1.2153129833916346E+01 a       426     0    36     1     6
 -1.0822511785298099E+01 a       427     0    36     1     7
  9.0061703012442909E+00 a       428     0    36     1     8
 -7.8016066669795228E+00 a       429     0    36     1     9
 -2.3508384181649489E+00 a       430     0    36     1    10
  7.9289059008769280E+00 a       431     0    36     1    11
  8.0674709400470412E+00 a       432     0    36     1    12
  1.1167327129510369E-02 a       433     0    37     1     1
 -1.1116609316837547E-01 a       434     0    37     1     2
  4.7165734506956414E-01 a       435     0    37     1     3
  5.6883858815699595E-01 a       436     0    37     1     4
 -5.9777979184995966E-01 a       437     0    37     1     5
 -1.2164607414559492E-01 a       438     0    37     1     6
 -4.1321347111849499E-01 a       439     0    37     1     7
  2.1476504979715608E-01 a       440     0    37     1     8
 -1.0529497324002912E-02 a       441     0    37     1     9
  2.9304296493949039E-01 a       442     0    37     1    10
 -1.7227985512214580E-01 a       443     0    37     1    11
 -3.8236588966219912E-02 a       444     0    37     1    12
 -2.6500164851418739E-01 a       445     0    38     1     1
  2.7988544641519680E-01 a       446     0    38     1     2
  4.7778422619687588E-01 a       447     0    38     1     3
 -9.7009511252632907E-01 a       448     0    38     1     4
 -4.4982252121596250E-01 a       449     0    38     1     5
  4.5926305305349857E-01 a       450     0    38     1     6
  3.3445119953980940E-01 a       451     0    38     1     7
 -6.6070254757885927E-01 a       452     0    38     1     8
  4.7294027724183962E-01 a       453     0    38     1     9
  1.0271922061337637E+00 a       454     0    38     1    10
 -7.1906395685115809E-01 a       455     0    38     1    11
  1.1621732793361830E-01 a       456     0    38     1    12
  9.1082138235262594E-02 a       457     0    39     1     1
  2.6438353910896918E-02 a       458     0    39     1     2
  7.7618971697608297E-01 a       459     0    39     1     3
  1.6921499833047693E-01 a       460     0    39     1     4
 -4.3583851624172937E-01 a       461     0    39     1     5
  9.4137429200314607E-02 a       462     0    39     1     6
 -1.1817086772945422E-01 a       463     0    39     1     7
  1.3482544422952153E-01 a       464     0    39     1     8
  1.3918738358960564E-01 a       465     0    39     1     9
  1.6914789440519107E-02 a       466     0    39     1    10
 -1.4210233811763315E-01 a       467     0    39     1    11
  3.0052102792489481E-02 a       468     0    39     1    12
 -1.9513398085995484E-01 a       469     0    40     1     1
  4.7770725733015273E-01 a       470     0    40     1     2
  4.1359852683935561E-01 a       471     0    40     1     3
 -9.8688065305650807E-01 a       472     0    40     1     4
 -3.7716406008622139E-01 a       473     0    40     1     5
  1.1803089894882821E-01 a       474     0    40     1     6
  2.8530789264524109E-01 a       475     0    40     1     7
 -4.8862799444017752E-01 a       476     0    40     1     8
  5.2417728180404000E-01 a       477     0    40     1     9
  8.5546671796683027E-01 a       478     0    40     1    10
 -3.4877812133650393E-01 a       479     0    40     1    11
  6.5601618978383097E-02 a       480     0    40     1    12
  2.3398972461898976E-01 a       481     0    41     1     1
 -5.3725194897827719E-02 a       482     0    41     1     2
  6.3182567398436773E-01 a       483     0    41     1     3
  1.2533515321477925E-01 a       484     0    41     1     4
 -1.2143284557208009E-01 a       485     0    41     1     5
 -1.4730410564299146E-01 a       486     0    41     1     6
 -9.1301836016938032E-02 a       487     0    41     1     7
  6.2598781505269985E-02 a       488     0    41     1     8
  5.6295523786781937E-04 a       489     0    41     1     9
  2.7759420414445304E-02 a       490     0    41     1    10
 -1.3944846438812195E-01 a       491     0    41     1    11
 -4.9495153723648398E-02 a       492     0    41     1    12
 -1.9758810230414300E-01 a       493     0    42     1     1
  2.3755524411406598E-01 a       494     0    42     1     2
  3.3709719971957186E-01 a       495     0    42     1     3
 -3.9568392535784014E-01 a       496     0    42     1     4
 -3.8760745068813685E-01 a       497     0    42     1     5
 -3.0979600707190406E-02 a       498     0    42     1     6
  2.9456723485966052E-01 a       499     0    42     1     7
 -4.8369498829422947E-01 a       500     0    42     1     8
  2.5879509561864050E-01 a       501     0    42     1     9
  3.1011374952220649E-01 a       502     0    42     1    10
 -3.4214698387209003E-01 a       503     0    42     1    11
 -1.0513325610858526E-01 a       504     0    42     1    12
 -6.3039211337243883E-02 a       505     0    43     1     1
  1.2371721460128424E-01 a       506     0    43     1     2
  8.4829299116073842E-01 a       507     0    43     1     3
  1.5520207493592425E-01 a       508     0    43     1     4
 -2.0828026558977569E-01 a       509     0    43     1     5
 -2.6935215272767803E-03 a       510     0    43     1     6
 -1.7374097846534137E-01 a       511     0    43     1     7
  4.2214100223637120E-02 a       512     0    43     1     8
  1.8776016479738172E-01 a       513     0    43     1     9
 -3.0359319471622258E-02 a       514     0    43     1    10
 -2.9819601383307592E-01 a       515     0    43     1    11
 -7.6830732779035408E-04 a       516     0    43     1    12
 -1.8977180841113542E-01 a       517     0    44     1     1
  5.4551889400503067E-02 a       518     0    44     1     2
  2.4254618425152105E-01 a       519     0    44     1     3
 -2.9715016780943393E-01 a       520     0    44     1     4
 -5.4397989877988412E-02 a       521     0    44     1     5
 -5.0959898168358018E-02 a       522     0    44     1     6
  2.6347861687371898E-01 a       523     0    44     1     7
 -7.7631388820053535E-02 a       524     0    44     1     8
 -9.3544280744037131E-02 a       525     0    44     1     9
  1.5587079368236567E-01 a       526     0    44     1    10
 -1.8609600891205486E-01 a       527     0    44     1    11
  4.3927360810726082E-02 a       528     0    44     1    12
  1.5796198382273932E-01 a       529     0    45     1     1
  2.6330435939508855E-02 a       530     0    45     1     2
  6.2403029967186796E-01 a       531     0    45     1     3
 -8.3251293266413118E-02 a       532     0    45     1     4
 -1.0067290749466237E-01 a       533     0    45     1     5
 -1.4237910206297982E-01 a       534     0    45     1     6
 -2.5384577437594441E-01 a       535     0    45     1     7
  1.2232804635391138E-01 a       536     0    45     1     8
  1.2231316306457247E-01 a       537     0    45     1     9
 -1.6195429639809927E-01 a       538     0    45     1    10
 -8.2707260880568595E-02 a       539     0    45     1    11
 -2.0521792551848484E-02 a       540     0    45     1    12
  1.4392285264058738E-02 a       541     0    46     1     1
  8.6640549126710889E-03 a       542     0    46     1     2
  7.3593180396840874E-02 a       543     0    46     1     3
 -1.6517359977203996E-01 a       544     0    46     1     4
 -3.2895474150091447E-01 a       545     0    46     1     5
 -1.7040866810849634E-01 a       546     0    46     1     6
  1.2411597915050449E-01 a       547     0    46     1     7
  2.3954731362659840E-01 a       548     0    46     1     8
 -7.1267715907256876E-02 a       549     0    46     1     9
 -2.2211478736031208E-02 a       550     0    46     1    10
 -8.6954190471471862E-02 a       551     0    46     1    11
  1.7064932852437070E-01 a       552     0    46     1    12
 -5.7625786188603173E-02 a       553     0    47     1     1
  1.4865128542709255E-01 a       554     0    47     1     2
  5.9285099398626939E-01 a       555     0    47     1     3
  4.4594449262344585E-02 a       556     0    47     1     4
  5.8660244987404984E-02 a       557     0    47     1     5
 -3.8472007419701137E-01 a       558     0    47     1     6
  3.1758783532997059E-03 a       559     0    47     1     7
  1.7147861249992177E-01 a       560     0    47     1     8
  1.4860196413405549E-01 a       561     0    47     1     9
  1.3143912426491263E-02 a       562     0    47     1    10
 -3.7976867631911791E-02 a       563     0    47     1    11
 -6.1320719759930441E-02 a       564     0    47     1    12
 -2.0778509107865548E-01 a       565     0    48     1     1
 -7.7488876941454080E-02 a       566     0    48     1     2
  2.4424404166110084E-01 a       567     0    48     1     3
 -1.3863456747850680E-01 a       568     0    48     1     4
 -2.9234199479452716E-01 a       569     0    48     1     5
 -2.4421692069724657E-01 a       570     0    48     1     6
  1.0361294723138834E-01 a       571     0    48     1     7
  7.2337421180569586E-02 a       572     0    48     1     8
 -3.7954614165163175E-01 a       573     0    48     1     9
 -1.4548140828774472E-01 a       574     0    48     1    10
 -1.2944624914091912E-01 a       575     0    48     1    11
  1.3023334719639526E-01 a       576     0    48     1    12
  6.1651342345367857E-02 a       577     0    49     1     1
  3.0358027712638080E-02 a       578     0    49     1     2
  4.0881151667911969E-01 a       579     0    49     1     3
 -1.8273384105063914E-01 a       580     0    49     1     4
  6.8460147439200036E-02 a       581     0    49     1     5
 -4.4127407877198044E-01 a       582     0    49     1     6
 -1.4022321970302554E-01 a       583     0    49     1     7
  5.8011373904955775E-02 a       584     0    49     1     8
 -6.9487638305153268E-02 a       585     0    49     1     9
 -1.9600640287719417E-02 a       586     0    49     1    10
 -2.5408002518739309E-01 a       587     0    49     1    11
 -8.7766759958893159E-02 a       588     0    49     1    12
 -2.8393258363310092E-01 a       589     0    50     1     1
 -9.9905660544775704E-02 a       590     0    50     1     2
  9.1883992775234666E-02 a       591     0    50     1     3
  1.5056829495949099E-02 a       592     0    50     1     4
  4.6661204151824620E-02 a       593     0    50     1     5
 -2.9243848060258748E-01 a       594     0    50     1     6
  3.5343142378420411E-01 a       595     0    50     1     7
  3.5607068565958949E-01 a       596     0    50     1     8
 -2.8915456481729523E-01 a       597     0    50     1     9
 -2.4649193478853967E-01 a       598     0    50     1    10
  9.7345914125090027E-02 a       599     0    50     1    11
  3.3306177186977470E-01 a       600     0    50     1    12
  5.8217631899003572E-02 a       601     0    51     1     1
  1.6386839359028949E-01 a       602     0    51     1     2
  1.5769385536003730E-01 a       603     0    51     1     3
 -3.3363278702548682E-01 a       604     0    51     1     4
  1.5814312282828816E-01 a       605     0    51     1     5
 -7.1249859509447441E-02 a       606     0    51     1     6
 -5.5450750569173435E-01 a       607     0    51     1     7
  1.8060373796996484E-01 a       608     0    51     1     8
  1.7281464722762765E-01 a       609     0    51     1     9
 -1.7734581085108450E-01 a       610     0    51     1    10
 -8.1988376723894543E-02 a       611     0    51     1    11
  3.3871199706493565E-01 a       612     0    51     1    12
 -2.9859223215118086E-01 a       613     0    52     1     1
 -1.4385132134993145E-01 a       614     0    52     1     2
  2.1291791158144199E-01 a       615     0    52     1     3
  1.4719149183138491E-01 a       616     0    52     1     4
  3.5116915117804864E-01 a       617     0    52     1     5
 -5.3025655394023330E-01 a       618     0    52     1     6
  1.4114035072848599E-01 a       619     0    52     1     7
  3.8318065468219059E-01 a       620     0    52     1     8
 -1.0807337005199324E-01 a       621     0    52     1     9
 -2.3297675970307991E-01 a       622     0    52     1    10
 -3.6969152414898687E-01 a       623     0    52     1    11
  2.4518506130811130E-01 a       624     0    52     1    12
  3.6544400528100995E-01 a       625     0    53     1     1
 -1.7239657030671254E+00 a       626     0    53     1     2
  9.9515261925606813E-01 a       627     0    53     1     3
  3.5632199470788337E+00 a       628     0    53     1     4
 -5.7973088180170584E-01 a       629     0    53     1     5
  7.9470220501946747E+00 a       630     0    53     1     6
  2.8943640379896323E+00 a       631     0    53     1     7
 -4.8873054418335171E-01 a       632     0    53     1     8
  6.1751606128236292E-01 a       633     0    53     1     9
  9.5526787715374895E-01 a       634     0    53     1    10
 -2.4705531298001917E+00 a       635     0    53     1    11
 -2.7041883989809286E+00 a       636     0    53     1    12
 -3.8198351361563403E+00 a       637     0    54     1     1
 -1.9096578712702552E+00 a       638     0    54     1     2
  3.8110800170478880E+00 a       639     0    54     1     3
 -4.5902130150600695E-01 a       640     0    54     1     4
  4.6576035833756518E-01 a       641     0    54     1     5
 -2.8809090372546784E+00 a       642     0    54     1     6
  4.1535382668911547E+00 a       643     0    54     1     7
  5.1182121428203100E+00 a       644     0    54     1     8
 -1.0844092857805230E+00 a       645     0    54     1     9
 -9.4510764478516041E-01 a       646     0    54     1    10
 -4.0197301612117000E+00 a       647     0    54     1    11
  1.8163818912694378E+00 a       648     0    54     1    12
 -6.6715611449543988E-01 a       649     0    55     1     1
  2.1878176491857499E+00 a       650     0    55     1     2
 -4.2687853663349067E+00 a       651     0    55     1     3
 -1.0653471888469072E+01 a       652     0    55     1     4
  3.8478878136822852E+00 a       653     0    55     1     5
 -7.8303333975875455E+00 a       654     0    55     1     6
 -8.0418738168495221E+00 a       655     0    55     1     7
  4.2963405141342337E-01 a       656     0    55     1     8
 -2.3187039838866452E+00 a       657     0    55     1     9
 -3.7991173257448718E+00 a       658     0    55     1    10
  6.7310052615461560E+00 a       659     0    55     1    11
  3.6684159162027372E+00 a       660     0    55     1    12
  5.1931901159076723E+00 a       661     0    56     1     1
  4.7036148895898883E-01 a       662     0    56     1     2
 -7.3994072599479006E+00 a       663     0    56     1     3
  2.4721219813350190E+00 a       664     0    56     1     4
  2.3792372061266760E+00 a       665     0    56     1     5
  2.1573984028131625E+00 a       666     0    56     1     6
 -3.0773855142994955E+00 a       667     0    56     1     7
 -8.4546428213619702E+00 a       668     0    56     1     8
 -5.9831232576864890E+00 a       669     0    56     1     9
 -7.1700942869869599E-01 a       670     0    56     1    10
  7.1301166453314062E+00 a       671     0    56     1    11
 -6.5185907973590895E-01 a       672     0    56     1    12
  1.3070572722761165E+00 a       673     0    57     1     1
  8.3277400510186436E-02 a       674     0    57     1     2
  1.0338428399199409E+00 a       675     0    57     1     3
  6.4602021788199142E+00 a       676     0    57     1     4
 -3.1346856925043940E+00 a       677     0    57     1     5
 -3.2878867852246034E+00 a       678     0    57     1     6
  4.5764436056890805E+00 a       679     0    57     1     7
  3.1101680100241301E-02 a       680     0    57     1     8
  1.5616082609073678E+00 a       681     0    57     1     9
  2.7054799918510688E+00 a       682     0    57     1    10
 -4.1837323547323280E+00 a       683     0    57     1    11
 -1.0224662378231056E-01 a       684     0    57     1    12
  7.2767005225475589E-01 a       685     0    58     1     1
 -3.0755057320109812E-02 a       686     0    58     1     2
  3.0885558558089983E+00 a       687     0    58     1     3
 -1.1767320949475724E+00 a       688     0    58     1     4
 -3.3739668143068551E+00 a       689     0    58     1     5
  2.1973845096987143E+00 a       690     0    58     1     6
 -4.4555210223152991E-01 a       691     0    58     1     7
 -9.2610748144140143E-01 a       692     0    58     1     8
  4.8583541490255175E+00 a       693     0    58     1     9
  1.6484317805858870E+00 a       694     0    58     1    10
 -1.5765705001167398E+00 a       695     0    58     1    11
 -4.5628175891445588E+00 a       696     0    58     1    12
 -5.4950514452723032E-01 a       697     0    59     1     1
 -2.6797733824985541E+00 a       698     0    59     1     2
  3.3722624209754009E+00 a       699     0    59     1     3
  3.4665353983730731E+00 a       700     0    59     1     4
 -1.0951631266014310E+00 a       701     0    59     1     5
  5.8653552833278066E+00 a       702     0    59     1     6
  4.3121006923209340E+00 a       703     0    59     1     7
 -2.6808967377597948E-01 a       704     0    59     1     8
  3.9958912529529012E-01 a       705     0    59     1     9
  4.5527211152166014E-01 a       706     0    59     1    10
 -1.6444856711093689E+00 a       707     0    59     1    11
 -2.9874140148873018E+00 a       708     0    59     1    12
 -1.0425539813240934E+00 a       709     0    60     1     1
 -1.1382449377265342E+00 a       710     0    60     1     2
  1.7823026716556678E+00 a       711     0    60     1     3
 -4.4369573301279980E-01 a       712     0    60     1     4
  6.0551779433078656E-01 a       713     0    60     1     5
 -1.6239431248208029E+00 a       714     0    60     1     6
 -1.2104374946855798E-01 a       715     0    60     1     7
  3.1129341566815376E+00 a       716     0    60     1     8
  4.4289278904871745E+00 a       717     0    60     1     9
  4.0152224252286517E-01 a       718     0    60     1    10
 -6.1130653181002339E+00 a       719     0    60     1    11
  2.5676661552717817E+00 a       720     0    60     1    12
 -1.3666459694700408E+00 a       721     0    61     1     1
  5.2864632167381675E-01 a       722     0    61     1     2
 -6.7815265948330639E-01 a       723     0    61     1     3
 -6.0085139655138917E+00 a       724     0    61     1     4
  3.4097369597619753E+00 a       725     0    61     1     5
  3.2305166970300947E+00 a       726     0    61     1     6
 -6.3333988216879611E+00 a       727     0    61     1     7
 -3.8814006171419675E-02 a       728     0    61     1     8
 -1.1319697414887093E+00 a       729     0    61     1     9
 -1.8573698185759739E+00 a       730     0    61     1    10
  4.2545030796228396E+00 a       731     0    61     1    11
  1.1562274616552848E+00 a       732     0    61     1    12
 -1.2094232577890851E+00 a       733     0    62     1     1
  1.0875247890171451E-01 a       734     0    62     1     2
 -2.9984947886420654E+00 a       735     0    62     1     3
  2.1181336243381210E+00 a       736     0    62     1     4
  5.1994580833023942E+00 a       737     0    62     1     5
 -3.4264049209458496E+00 a       738     0    62     1     6
 -1.8059097472192182E-01 a       739     0    62     1     7
  2.6410022659833510E-01 a       740     0    62     1     8
 -6.5538275128424512E+00 a       741     0    62     1     9
 -2.2491800916448703E+00 a       742     0    62     1    10
  2.6113575708630328E+00 a       743     0    62     1    11
  4.5765706251912421E+00 a       744     0    62     1    12
  1.2657210767866862E+00 a       745     0    63     1     1
  3.3036826932664933E+00 a       746     0    63     1     2
 -2.8661806398108469E+00 a       747     0    63     1     3
 -1.3782692894918245E+00 a       748     0    63     1     4
 -2.3949368218119320E-02 a       749     0    63     1     5
 -5.7788750302401857E+00 a       750     0    63     1     6
 -2.8486582421838365E+00 a       751     0    63     1     7
  4.6805795679094880E-01 a       752     0    63     1     8
  6.5355642039222295E-01 a       753     0    63     1     9
 -2.2436730575198155E-01 a       754     0    63     1    10
 -6.1463213763089419E-01 a       755     0    63     1    11
  3.2191502908972733E+00 a       756     0    63     1    12
 -7.6332910404225934E-02 a       757     0    64     1     1
  3.6406267478144594E-01 a       758     0    64     1     2
  1.1496827541866927E+00 a       759     0    64     1     3
 -7.3627780342993776E-01 a       760     0    64     1     4
 -3.5843183560712344E+00 a       761     0    64     1     5
  1.3131919172636126E+00 a       762     0    64     1     6
  3.0108052139240353E+00 a       763     0    64     1     7
 -9.1717781572228929E-01 a       764     0    64     1     8
 -3.1762463915133794E+00 a       765     0    64     1     9
 -1.7160972070130769E-02 a       766     0    64     1    10
  5.9457757971208558E+00 a       767     0    64     1    11
 -4.5530230201918416E+00 a       768     0    64     1    12
  1.4491927194438272E+00 a       769     0    65     1     1
 -2.0137321590155874E+00 a       770     0    65     1     2
  2.1177991067426940E+00 a       771     0    65     1     3
  5.3327541801693679E+00 a       772     0    65     1     4
 -3.3632029743440008E+00 a       773     0    65     1     5
 -2.6630167778614338E+00 a       774     0    65     1     6
  7.8090072083789721E+00 a       775     0    65     1     7
  3.6439058306824479E-01 a       776     0    65     1     8
  6.5196625398792674E-01 a       777     0    65     1     9
  1.0067136583362146E+00 a       778     0    65     1    10
 -3.6224961114167891E+00 a       779     0    65     1    11
 -1.9860468356397285E+00 a       780     0    65     1    12
  2.9798893623338945E+00 a       781     0    66     1     1
 -2.9564773065762268E-01 a       782     0    66     1     2
  1.0521260332235760E+00 a       783     0    66     1     3
 -2.3789340250076969E+00 a       784     0    66     1     4
 -6.8485039227196411E+00 a       785     0    66     1     5
  3.7318721999834441E+00 a       786     0    66     1     6
 -2.1647672354826814E-01 a       787     0    66     1     7
  6.9235994412281943E-01 a       788     0    66     1     8
  1.0336648070168495E+01 a       789     0    66     1     9
  2.1794908965223616E+00 a       790     0    66     1    10
 -7.3156846536275797E+00 a       791     0    66     1    11
 -1.4406780495526585E+00 a       792     0    66     1    12
 -2.3029127331505310E+00 a       793     0    67     1     1
 -2.9950126240319905E+00 a       794     0    67     1     2
  4.7561509574426255E+00 a       795     0    67     1     3
 -1.2628208940790062E+00 a       796     0    67     1     4
  1.8472790575219629E+00 a       797     0    67     1     5
  6.5368331280925762E+00 a       798     0    67     1     6
 -1.2694165805643494E+00 a       799     0    67     1     7
 -1.0746135944286233E+00 a       800     0    67     1     8
 -8.7854259943819024E-01 a       801     0    67     1     9
  1.1657401820702236E+00 a       802     0    67     1    10
  3.0916913596836832E+00 a       803     0    67     1    11
 -3.3164493976005001E+00 a       804     0    67     1    12
 -3.4252506913956213E+00 a       805     0    68     1     1
  1.8903303107605700E+00 a       806     0    68     1     2
 -1.0220789167989945E+00 a       807     0    68     1     3
  3.7997495960725352E+00 a       808     0    68     1     4
  1.0080192454748211E+01 a       809     0    68     1     5
 -3.9674380919756183E+00 a       810     0    68     1     6
 -5.4681353703335827E+00 a       811     0    68     1     7
 -3.5969633148091756E-01 a       812     0    68     1     8
 -6.1756321629616480E+00 a       813     0    68     1     9
 -2.2179004119903079E+00 a       814     0    68     1    10
  3.2006566637678174E-01 a       815     0    68     1    11
  6.1120108853816770E+00 a       816     0    68     1    12
 -2.0818657875240029E-01 a       817     0    69     1     1
  5.1907687570208880E+00 a       818     0    69     1     2
 -2.0142896762135840E+00 a       819     0    69     1     3
 -4.2777421441805679E+00 a       820     0    69     1     4
  1.4592696861013705E+00 a       821     0    69     1     5
 -7.0439972039804044E-01 a       822     0    69     1     6
 -8.5361210490820270E+00 a       823     0    69     1     7
 -4.3637048681516977E-01 a       824     0    69     1     8
  1.2148415302829969E+00 a       825     0    69     1     9
 -1.7526826201270644E+00 a       826     0    69     1    10
  5.1001206710099101E-01 a       827     0    69     1    11
  3.1168492938959944E+00 a       828     0    69     1    12
  1.2096802440937171E+00 a       829     0    70     1     1
 -2.0323236514079208E+00 a       830     0    70     1     2
  2.0631992592869248E+00 a       831     0    70     1     3
 -2.6627463179098538E+00 a       832     0    70     1     4
 -5.2095820183896473E+00 a       833     0    70     1     5
 -1.0472521403222501E+00 a       834     0    70     1     6
  7.5734199532622144E+00 a       835     0    70     1     7
 -4.3036892935254339E-01 a       836     0    70     1     8
 -1.5932433333218263E+00 a       837     0    70     1     9
  1.1562503224937513E+00 a       838     0    70     1    10
  3.4822002603803162E+00 a       839     0    70     1    11
 -5.1444012055335868E+00 a       840     0    70     1    12
  2.6106525338226505E+00 a       841     0    71     1     1
 -1.6718853713889792E+00 a       842     0    71     1     2
 -1.9430347678278168E+00 a       843     0    71     1     3
  6.2549962416963290E+00 a       844     0    71     1     4
 -3.1193632979150636E+00 a       845     0    71     1     5
 -6.0356359891912694E+00 a       846     0    71     1     6
  8.8520251596154473E+00 a       847     0    71     1     7
  2.4639748291025172E+00 a       848     0    71     1     8
 -2.4756892309138168E-01 a       849     0    71     1     9
 -1.1389963513017447E+00 a       850     0    71     1    10
 -3.9548105886866765E+00 a       851     0    71     1    11
  3.5139970377789853E-01 a       852     0    71     1    12
  5.1142067098365729E-01 a       853     0    72     1     1
  1.6184015875867410E+00 a       854     0    72     1     2
 -5.4284940327489224E+00 a       855     0    72     1     3
  1.1904173223358780E+00 a       856     0    72     1     4
 -2.0534937775879833E+00 a       857     0    72     1     5
  2.0140270596764704E+00 a       858     0    72     1     6
 -6.0100702658565179E+00 a       859     0    72     1     7
  1.1198306249193770E+00 a       860     0    72     1     8
  6.5209713297834604E+00 a       861     0    72     1     9
 -8.4689161949968705E-01 a       862     0    72     1    10
 -6.7467274815898266E+00 a       863     0    72     1    11
  1.6892492314458831E+00 a       864     0    72     1    12
 -3.3441188843649359E+00 a       865     0    73     1     1
 -2.9310440626820027E+00 a       866     0    73     1     2
  5.7255654761910275E+00 a       867     0    73     1     3
 -3.5538111336844738E+00 a       868     0    73     1     4
  3.0926936919161232E+00 a       869     0    73     1     5
  5.3592829910769693E+00 a       870     0    73     1     6
 -1.8374602469096279E+00 a       871     0    73     1     7
 -2.1065445342551690E+00 a       872     0    73     1     8
 -1.0844447510715127E+00 a       873     0    73     1     9
  4.5387644019581517E+00 a       874     0    73     1    10
  4.7861090542703906E+00 a       875     0    73     1    11
 -1.8772598855085934E+00 a       876     0    73     1    12
 -3.2058482364033409E+00 a       877     0    74     1     1
  2.5001143522116692E-01 a       878     0    74     1     2
  6.6933253086740550E+00 a       879     0    74     1     3
  3.2641079897951947E-01 a       880     0    74     1     4
  7.9446353151623645E+00 a       881     0    74     1     5
 -4.3302805546318539E-02 a       882     0    74     1     6
 -1.4572390767690611E+00 a       883     0    74     1     7
 -5.9956581767656003E-01 a       884     0    74     1     8
 -8.0046952152881428E+00 a       885     0    74     1     9
  1.6742946698001300E+00 a       886     0    74     1    10
  8.9026333699865070E+00 a       887     0    74     1    11
  1.0588660942690389E+00 a       888     0    74     1    12
  1.1920796961140774E+00 a       889     0    75     1     1
  5.3740857311605295E+00 a       890     0    75     1     2
 -1.7736105155066122E+00 a       891     0    75     1     3
 -2.5062981789537560E+00 a       892     0    75     1     4
 -1.9175220256477135E+00 a       893     0    75     1     5
 -1.1749559369692451E-01 a       894     0    75     1     6
 -5.0604014947132079E+00 a       895     0    75     1     7
 -1.2921734444696570E-01 a       896     0    75     1     8
  1.6496354034296958E+00 a       897     0    75     1     9
 -4.9390434247694364E+00 a       898     0    75     1    10
 -4.3736925037403003E+00 a       899     0    75     1    11
  1.4260610389007400E+00 a       900     0    75     1    12
  5.3666094222882457E+00 a       901     0    76     1     1
 -2.3664015235559011E+00 a       902     0    76     1     2
 -4.6379217790318439E+00 a       903     0    76     1     3
 -2.3811536877775761E+00 a       904     0    76     1     4
 -1.0042543392968620E+01 a       905     0    76     1     5
 -1.9606333691617097E+00 a       906     0    76     1     6
  8.4916978100721554E+00 a       907     0    76     1     7
  6.4780956851570537E-02 a       908     0    76     1     8
  5.2936347956871668E+00 a       909     0    76     1     9
 -6.4416826496126650E-02 a       910     0    76     1    10
 -6.5600776897706892E+00 a       911     0    76     1    11
 -3.6331451167943335E-01 a       912     0    76     1    12
  2.1254717417080884E+00 a       913     0    77     1     1
 -5.4720665673137976E+00 a       914     0    77     1     2
 -2.9998967196126824E+00 a       915     0    77     1     3
  5.7505679924089863E+00 a       916     0    77     1     4
 -2.0841522340926999E-01 a       917     0    77     1     5
 -2.0993391541525037E+00 a       918     0    77     1     6
  5.5362421915902651E+00 a       919     0    77     1     7
  4.6122819558227990E+00 a       920     0    77     1     8
 -9.3099040031382674E-01 a       921     0    77     1     9
  1.9459331270613398E+00 a       922     0    77     1    10
  2.6472907100878884E+00 a       923     0    77     1    11
 -1.4342430601492786E+00 a       924     0    77     1    12
 -4.3760801738004682E+00 a       925     0    78     1     1
  4.4055141670117672E+00 a       926     0    78     1     2
  4.4655334201338848E+00 a       927     0    78     1     3
  1.1459545248527812E+00 a       928     0    78     1     4
  6.6057311347985763E+00 a       929     0    78     1     5
 -2.9075187085281445E-01 a       930     0    78     1     6
 -7.7518030142706849E+00 a       931     0    78     1     7
 -4.8009760091178277E-01 a       932     0    78     1     8
  5.6531282860930110E-01 a       933     0    78     1     9
 -8.7692507471808390E-01 a       934     0    78     1    10
 -2.0933769593471165E+00 a       935     0    78     1    11
 -2.5711313437468273E+00 a       936     0    78     1    12
  4.2475916972081890E-01 a       937     0    79     1     1
  1.5470277457664503E+00 a       938     0    79     1     2
  3.0197003040189303E+00 a       939     0    79     1     3
 -2.4529026079648504E+00 a       940     0    79     1     4
  6.0273292695452552E-01 a       941     0    79     1     5
 -2.1309287652377189E+00 a       942     0    79     1     6
 -8.1672848010431203E+00 a       943     0    79     1     7
 -3.2569336103825770E+00 a       944     0    79     1     8
 -4.3490321850447772E-01 a       945     0    79     1     9
  1.1712558474754482E+00 a       946     0    79     1    10
 -2.3342175022960365E+00 a       947     0    79     1    11
  2.7531186011574795E+00 a       948     0    79     1    12
  3.2534997137368098E+00 a       949     0    80     1     1
 -2.4907896994185013E+00 a       950     0    80     1     2
  1.1044515445427461E+01 a       951     0    80     1     3
 -8.7808083338352958E+00 a       952     0    80     1     4
  2.6372154920081901E+00 a       953     0    80     1     5
  9.6774814230016979E+00 a       954     0    80     1     6
  7.6088092208723506E+00 a       955     0    80     1     7
 -5.5257997026565686E+00 a       956     0    80     1     8
  2.0260472026409501E-01 a       957     0    80     1     9
  5.5784210212708176E+00 a       958     0    80     1    10
  4.9266821330097610E+00 a       959     0    80     1    11
 -1.6884314230515876E+00 a       960     0    80     1    12
  8.4528580828662037E+00 a       961     0    81     1     1
  2.8016212911594528E-02 a       962     0    81     1     2
  6.6256865909812612E-01 a       963     0    81     1     3
  1.5174646141082297E+00 a       964     0    81     1     4
 -1.6283541927013567E+00 a       965     0    81     1     5
  2.8274861110946592E+00 a       966     0    81     1     6
 -1.2981433598217564E+00 a       967     0    81     1     7
  1.0970854114548758E+00 a       968     0    81     1     8
  1.5210174592474708E+00 a       969     0    81     1     9
 -7.6541479579076288E+00 a       970     0    81     1    10
 -1.0158116678610911E+01 a       971     0    81     1    11
  1.1679877880384955E+00 a       972     0    81     1    12
 -2.2105320406790154E+00 a       973     0    82     1     1
  1.1626836959398985E+00 a       974     0    82     1     2
 -5.9803010652689368E+00 a       975     0    82     1     3
  3.6347803796657505E+00 a       976     0    82     1     4
 -4.3682805791113362E+00 a       977     0    82     1     5
 -4.3599920788241748E+00 a       978     0    82     1     6
  7.1808610004672957E+00 a       979     0    82     1     7
 -2.5514660891078487E+00 a       980     0    82     1     8
  3.4672137081142678E+00 a       981     0    82     1     9
 -5.5129895378844509E+00 a       982     0    82     1    10
 -1.2832137229693265E+01 a       983     0    82     1    11
 -3.7961722322343033E-01 a       984     0    82     1    12
 -4.8167665950829193E+00 a       985     0    83     1     1
 -6.1635506781446256E+00 a       986     0    83     1     2
 -8.9653017191746809E-01 a       987     0    83     1     3
 -3.9245552530192418E-01 a       988     0    83     1     4
  3.1296788981563028E+00 a       989     0    83     1     5
  7.0789107584105571E+00 a       990     0    83     1     6
  5.1985410769985378E+00 a       991     0    83     1     7
  3.7144950945264794E+00 a       992     0    83     1     8
  1.1832384374124625E+00 a       993     0    83     1     9
  8.0784051399389707E+00 a       994     0    83     1    10
  1.0904187113318425E+01 a       995     0    83     1    11
 -3.7205366045187862E+00 a       996     0    83     1    12
  5.7426478018387805E-01 a       997     0    84     1     1
  2.5341857621579256E+00 a       998     0    84     1     2
  1.2832276232467741E+01 a       999     0    84     1     3
 -3.7700972656909562E+00 a      1000     0    84     1     4
  9.8505237342384522E+00 a      1001     0    84     1     5
 -1.0327869258907876E+01 a      1002     0    84     1     6
 -1.3882506362493828E+01 a      1003     0    84     1     7
 -4.6841482342069352E+00 a      1004     0    84     1     8
 -3.3737782926008673E+00 a      1005     0    84     1     9
  3.7637879476278728E+00 a      1006     0    84     1    10
 -1.2026478223796784E+00 a      1007     0    84     1    11
 -3.6650376365262263E+00 a      1008     0    84     1    12
 -2.2940661631326900E+00 a      1009     0    85     1     1
  3.6244301976879214E+00 a      1010     0    85     1     2
  3.0505285890570732E+00 a      1011     0    85     1     3
 -3.1230236116126879E+00 a      1012     0    85     1     4
  3.6915560837708430E+00 a      1013     0    85     1     5
  2.8849837910991281E+00 a      1014     0    85     1     6
 -4.4344871379297333E+00 a      1015     0    85     1     7
 -6.4550971729450879E+00 a      1016     0    85     1     8
 -2.4257289498402090E+00 a      1017     0    85     1     9
 -3.3201801892109297E+00 a      1018     0    85     1    10
 -7.0628821009705680E+00 a      1019     0    85     1    11
  3.3976821076779076E+00 a      1020     0    85     1    12
  3.1259174340046787E+00 a      1021     0    86     1     1
 -2.0903255436157447E-01 a      1022     0    86     1     2
 -5.3617024882243891E+00 a      1023     0    86     1     3
  1.9233852256925981E+00 a      1024     0    86     1     4
 -5.5900072444157258E+00 a      1025     0    86     1     5
 -3.7473414195346479E+00 a      1026     0    86     1     6
  2.8528569736337275E+00 a      1027     0    86     1     7
 -1.2421093278318684E+00 a      1028     0    86     1     8
 -3.0762471446803055E+00 a      1029     0    86     1     9
 -4.6572516295537918E+00 a      1030     0    86     1    10
 -3.6064776807746934E+00 a      1031     0    86     1    11
  6.5764670396619929E+00 a      1032     0    86     1    12
  8.1799088199088454E-01 a      1033     0    87     1     1
 -4.3764234093412906E+00 a      1034     0    87     1     2
  1.2281765111323328E+00 a      1035     0    87     1     3
 -2.2797280296189690E+00 a      1036     0    87     1     4
  9.6317057543764073E-01 a      1037     0    87     1     5
  1.6564713407947245E+01 a      1038     0    87     1     6
  1.8627352110705728E+00 a      1039     0    87     1     7
  7.6493002832464363E-01 a      1040     0    87     1     8
  2.4919167087969822E+00 a      1041     0    87     1     9
  1.6730895216101882E+00 a      1042     0    87     1    10
 -4.3415953865946072E-02 a      1043     0    87     1    11
 -3.1969889530546496E+00 a      1044     0    87     1    12
 -1.9575370475359726E+00 a      1045     0    88     1     1
  5.6102150292312345E+00 a      1046     0    88     1     2
  8.7390131999593486E+00 a      1047     0    88     1     3
 -2.7520839787005356E+00 a      1048     0    88     1     4
  3.3074132171767627E+00 a      1049     0    88     1     5
 -1.2751452616427493E+01 a      1050     0    88     1     6
 -4.3346410407111202E+00 a      1051     0    88     1     7
 -7.4816184657537361E+00 a      1052     0    88     1     8
 -1.9488678056802264E+00 a      1053     0    88     1     9
  1.8276023731349900E+00 a      1054     0    88     1    10
 -1.4083026500728513E+01 a      1055     0    88     1    11
 -3.5395029943207086E+00 a      1056     0    88     1    12
  1.2731371497695059E+00 a      1057     0    89     1     1
 -6.7723506393481725E-01 a      1058     0    89     1     2
  4.0042509971481993E-01 a      1059     0    89     1     3
  2.1113246379585476E-01 a      1060     0    89     1     4
  5.2681903824620580E-01 a      1061     0    89     1     5
 -3.2953762459893645E+00 a      1062     0    89     1     6
 -7.8348242355588915E-01 a      1063     0    89     1     7
  3.1382807822479414E-01 a      1064     0    89     1     8
 -3.1233276011175942E-01 a      1065     0    89     1     9
 -5.2504747765625370E-01 a      1066     0    89     1    10
 -1.6836636439053163E-01 a      1067     0    89     1    11
  3.1022317050931247E-01 a      1068     0    89     1    12
  1.5186318865912118E+00 a      1069     0    90     1     1
 -2.0984592611537285E+00 a      1070     0    90     1     2
  4.7920298563465369E-01 a      1071     0    90     1     3
  1.0974577701083110E+00 a      1072     0    90     1     4
  2.7276735606901181E+00 a      1073     0    90     1     5
  2.6066018068139734E+00 a      1074     0    90     1     6
  1.0816912007691635E+00 a      1075     0    90     1     7
 -3.3148629691755988E-01 a      1076     0    90     1     8
  4.6778433172788758E-01 a      1077     0    90     1     9
 -1.5499564827445980E+00 a      1078     0    90     1    10
  2.2289299723485412E+00 a      1079     0    90     1    11
 -1.3230569087953625E+00 a      1080     0    90     1    12
  8.1805594545241100E-01 a      1081     0    91     1     1
 -5.0665864087961365E-01 a      1082     0    91     1     2
  3.6323536998559730E-01 a      1083     0    91     1     3
  8.5905749994444752E-02 a      1084     0    91     1     4
  2.7615409671198150E-02 a      1085     0    91     1     5
 -2.4944079679098157E+00 a      1086     0    91     1     6
 -4.9652744750418681E-01 a      1087     0    91     1     7
  8.7351174196980172E-02 a      1088     0    91     1     8
 -2.6433307084132357E-01 a      1089     0    91     1     9
 -3.4266506765280763E-01 a      1090     0    91     1    10
  8.4467901579777648E-04 a      1091     0    91     1    11
  3.3149027908040068E-01 a      1092     0    91     1    12
  8.3587773183518987E-01 a      1093     0    92     1     1
 -1.2795432527696946E+00 a      1094     0    92     1     2
  4.9728759673509088E-01 a      1095     0    92     1     3
  5.1261347178877892E-01 a      1096     0    92     1     4
  1.7452871294545518E+00 a      1097     0    92     1     5
  1.8630955064799399E+00 a      1098     0    92     1     6
  8.3973838343746643E-01 a      1099     0    92     1     7
 -5.6864207017970458E-02 a      1100     0    92     1     8
  5.1747034047151041E-01 a      1101     0    92     1     9
 -8.7614806603264694E-01 a      1102     0    92     1    10
  1.5308592020971517E+00 a      1103     0    92     1    11
 -7.8514383023123258E-01 a      1104     0    92     1    12
  7.0986794863490432E-01 a      1105     0    93     1     1
  2.6168080357261000E-03 a      1106     0    93     1     2
  5.7717504168215783E-01 a      1107     0    93     1     3
  2.2220298118049059E-01 a      1108     0    93     1     4
  3.7687038818268799E-02 a      1109     0    93     1     5
 -1.5108699407963386E+00 a      1110     0    93     1     6
 -3.4352431372142833E-01 a      1111     0    93     1     7
  3.2209477666735604E-02 a      1112     0    93     1     8
 -5.6284489456260980E-02 a      1113     0    93     1     9
 -1.0222311903627417E-01 a      1114     0    93     1    10
 -5.5214710124180583E-02 a      1115     0    93     1    11
 -3.7918823238471261E-03 a      1116     0    93     1    12
  1.7070862911810930E-01 a      1117     0    94     1     1
 -5.8583040353143934E-01 a      1118     0    94     1     2
  4.8124015495165190E-01 a      1119     0    94     1     3
  1.9427019796911657E-01 a      1120     0    94     1     4
  7.8538075946424102E-01 a      1121     0    94     1     5
  9.8449958007286531E-01 a      1122     0    94     1     6
  7.8338859422260199E-01 a      1123     0    94     1     7
  3.5573222937114173E-02 a      1124     0    94     1     8
  2.8840410511096998E-01 a      1125     0    94     1     9
 -3.9800844594862239E-01 a      1126     0    94     1    10
  6.7561582629877437E-01 a      1127     0    94     1    11
 -5.5996644625734160E-01 a      1128     0    94     1    12
  4.2151321489560378E-01 a      1129     0    95     1     1
  1.2513371968688833E-01 a      1130     0    95     1     2
  5.4457385215363441E-01 a      1131     0    95     1     3
  2.4793083865700186E-01 a      1132     0    95     1     4
 -1.1828828654514786E-01 a      1133     0    95     1     5
 -8.6803124606131910E-01 a      1134     0    95     1     6
 -3.3902210408590433E-01 a      1135     0    95     1     7
  1.9551166723589938E-01 a      1136     0    95     1     8
 -1.1481639699087086E-01 a      1137     0    95     1     9
 -1.5249236791272830E-01 a      1138     0    95     1    10
 -2.6624397843558095E-01 a      1139     0    95     1    11
  1.3133908705373973E-01 a      1140     0    95     1    12
  1.0948871092620675E-01 a      1141     0    96     1     1
 -1.0332161096724760E-01 a      1142     0    96     1     2
  3.9526204390783548E-01 a      1143     0    96     1     3
 -2.2029953964779589E-01 a      1144     0    96     1     4
 -9.5195171236533760E-02 a      1145     0    96     1     5
  5.9633388516775543E-01 a      1146     0    96     1     6
  6.1028133464921508E-01 a      1147     0    96     1     7
  4.2993943761299641E-02 a      1148     0    96     1     8
  2.7629977926866045E-01 a      1149     0    96     1     9
  5.8927180446622512E-02 a      1150     0    96     1    10
  1.0269368434007872E-01 a      1151     0    96     1    11
 -3.2386139485589904E-01 a      1152     0    96     1    12
  2.4837420059659929E-01 a      1153     0    97     1     1
  3.1656385859115989E-03 a      1154     0    97     1     2
  8.3166141829550033E-01 a      1155     0    97     1     3
  2.6524407646138209E-01 a      1156     0    97     1     4
 -8.4829470675404264E-02 a      1157     0    97     1     5
 -4.9499014371604771E-01 a      1158     0    97     1     6
 -9.6931137642294288E-02 a      1159     0    97     1     7
  1.5736751418274730E-01 a      1160     0    97     1     8
  3.9857340187414957E-03 a      1161     0    97     1     9
 -7.2968487931703241E-02 a      1162     0    97     1    10
 -3.3766549113713762E-01 a      1163     0    97     1    11
  3.2753709048914212E-02 a      1164     0    97     1    12
  7.1633720110784616E-02 a      1165     0    98     1     1
  2.3091533017939342E-01 a      1166     0    98     1     2
  3.4743824477130120E-01 a      1167     0    98     1     3
 -4.5111150106356843E-02 a      1168     0    98     1     4
 -3.0295696285092077E-01 a      1169     0    98     1     5
  1.4990732274723997E-01 a      1170     0    98     1     6
  2.6873787305020469E-01 a      1171     0    98     1     7
  1.1123014363892118E-01 a      1172     0    98     1     8
 -1.1661236642964395E-01 a      1173     0    98     1     9
 -8.1898893544356213E-02 a      1174     0    98     1    10
 -4.7952920396231715E-03 a      1175     0    98     1    11
  7.4750011474087136E-02 a      1176     0    98     1    12
  1.8383489106810286E-02 a      1177     0    99     1     1
  1.5804990814183764E-01 a      1178     0    99     1     2
  5.8286250097209935E-01 a      1179     0    99     1     3
  9.6864379068940715E-02 a      1180     0    99     1     4
 -5.6886737481791509E-02 a      1181     0    99     1     5
 -2.6895737699084810E-01 a      1182     0    99     1     6
  3.9246754849160036E-02 a      1183     0    99     1     7
 -4.1602020600564355E-03 a      1184     0    99     1     8
  1.1624949824457999E-01 a      1185     0    99     1     9
  6.8019239886556171E-02 a      1186     0    99     1    10
 -2.3757786013697432E-01 a      1187     0    99     1    11
 -1.1998196741392940E-01 a      1188     0    99     1    12
 -6.6410487381685562E-02 a      1189     0   100     1     1
  1.1762888563204134E-01 a      1190     0   100     1     2
  1.2552640667439810E-01 a      1191     0   100     1     3
 -2.3942169869631943E-01 a      1192     0   100     1     4
 -6.9014552617880309E-02 a      1193     0   100     1     5
 -6.6788876252332000E-02 a      1194     0   100     1     6
  3.0086881413922112E-01 a      1195     0   100     1     7
  1.7077908761143377E-02 a      1196     0   100     1     8
 -2.7517445726598155E-01 a      1197     0   100     1     9
 -4.6875030869736642E-02 a      1198     0   100     1    10
 -4.5839033391442033E-02 a      1199     0   100     1    11
  1.5038887833629725E-02 a      1200     0   100     1    12
  1.2319802985453339E-01 a      1201     0   101     1     1
  1.9660678503362727E-01 a      1202     0   101     1     2
  5.1443164039240774E-01 a      1203     0   101     1     3
 -7.7247363088976395E-02 a      1204     0   101     1     4
  7.3358948357965109E-02 a      1205     0   101     1     5
 -1.8319763170264261E-01 a      1206     0   101     1     6
 -1.4924428081971619E-01 a      1207     0   101     1     7
 -2.9453454824461326E-02 a      1208     0   101     1     8
 -7.0736937941471179E-02 a      1209     0   101     1     9
 -1.3390910525307440E-01 a      1210     0   101     1    10
 -2.2859866692719041E-02 a      1211     0   101     1    11
  2.5622426481597505E-02 a      1212     0   101     1    12
 -2.5975637573342242E-01 a      1213     0   102     1     1
  1.0389913085035410E-01 a      1214     0   102     1     2
  2.3760241042848659E-01 a      1215     0   102     1     3
 -5.9301073407651582E-02 a      1216     0   102     1     4
 -5.5011253720122243E-02 a      1217     0   102     1     5
 -3.5135389772026454E-01 a      1218     0   102     1     6
  1.7581350177037686E-01 a      1219     0   102     1     7
  8.9870872808138505E-02 a      1220     0   102     1     8
 -3.9801772271904629E-01 a      1221     0   102     1     9
 -3.3021423334781907E-01 a      1222     0   102     1    10
  2.5732606443845483E-02 a      1223     0   102     1    11
  2.9633982848441481E-01 a      1224     0   102     1    12
 -4.8680361825863903E-02 a      1225     0   103     1     1
  2.3266174051971580E-01 a      1226     0   103     1     2
  3.8381576764466580E-01 a      1227     0   103     1     3
 -1.7535943888874397E-01 a      1228     0   103     1     4
  3.1012068131331370E-02 a      1229     0   103     1     5
 -3.9296474267800308E-01 a      1230     0   103     1     6
 -1.2794181276870281E-01 a      1231     0   103     1     7
  2.0608797053998634E-01 a      1232     0   103     1     8
  2.1301069167382978E-03 a      1233     0   103     1     9
 -2.0162940584570002E-01 a      1234     0   103     1    10
 -1.2858191349061185E-01 a      1235     0   103     1    11
  3.3836704998889910E-02 a      1236     0   103     1    12
 -2.2595523867188730E-01 a      1237     0   104     1     1
 -1.1888963831799938E-01 a      1238     0   104     1     2
  2.9208072949293390E-01 a      1239     0   104     1     3
  2.4358840669638782E-02 a      1240     0   104     1     4
 -4.5173176579952332E-02 a      1241     0   104     1     5
 -4.5797866721607572E-01 a      1242     0   104     1     6
  3.3719206663626528E-01 a      1243     0   104     1     7
  3.0229377163583188E-01 a      1244     0   104     1     8
 -3.6529637255611797E-01 a      1245     0   104     1     9
 -3.2423160054166200E-01 a      1246     0   104     1    10
 -1.1890977972370316E-01 a      1247     0   104     1    11
  4.0737278781552400E-01 a      1248     0   104     1    12
  2.1919181229449328E-01 a      1249     0   105     1     1
  6.8884712833351169E-01 a      1250     0   105     1     2
 -1.2916409917655185E+00 a      1251     0   105     1     3
 -1.1948796163601363E+00 a      1252     0   105     1     4
  2.6381986999788198E-01 a      1253     0   105     1     5
 -3.2785366972624717E+00 a      1254     0   105     1     6
 -1.1719724120714856E+00 a      1255     0   105     1     7
  1.2191363537381497E-01 a      1256     0   105     1     8
 -1.9167346639453314E-01 a      1257     0   105     1     9
  3.1365232912326526E-03 a      1258     0   105     1    10
  5.9045413702574678E-01 a      1259     0   105     1    11
  1.0725427295832548E+00 a      1260     0   105     1    12
  1.7753638436429531E+00 a      1261     0   106     1     1
 -1.0507550435235570E-01 a      1262     0   106     1     2
 -1.1526100826517309E+00 a      1263     0   106     1     3
  6.2626642714460268E-01 a      1264     0   106     1     4
  1.5907126294480295E-02 a      1265     0   106     1     5
  1.2229825285707432E+00 a      1266     0   106     1     6
 -9.0701960950557725E-01 a      1267     0   106     1     7
 -3.0223488063301254E+00 a      1268     0   106     1     8
 -8.8997927801800769E-01 a      1269     0   106     1     9
  2.6101609342972336E-02 a      1270     0   106     1    10
  1.8767456963637767E+00 a      1271     0   106     1    11
 -1.9580352340169076E+00 a      1272     0   106     1    12
  4.1868151490158212E-01 a      1273     0   107     1     1
 -5.3630182308320185E-01 a      1274     0   107     1     2
  1.1600615210642449E+00 a      1275     0   107     1     3
  2.6382643770581296E+00 a      1276     0   107     1     4
 -1.1538583157856104E+00 a      1277     0   107     1     5
 -4.1554403754603025E-01 a      1278     0   107     1     6
  2.3616854770460876E+00 a      1279     0   107     1     7
 -2.2309047979591837E-01 a      1280     0   107     1     8
  5.1606991397518709E-01 a      1281     0   107     1     9
  7.9126360317660949E-01 a      1282     0   107     1    10
 -1.5376119823924630E+00 a      1283     0   107     1    11
 -5.2506187456794762E-01 a      1284     0   107     1    12
  1.0209634599408430E+00 a      1285     0   108     1     1
 -2.0724826785544878E-01 a      1286     0   108     1     2
  7.8538651197514309E-01 a      1287     0   108     1     3
 -1.9169061490629385E-01 a      1288     0   108     1     4
 -8.2374614953042646E-01 a      1289     0   108     1     5
  9.5081115125896087E-01 a      1290     0   108     1     6
 -7.3562875890206014E-01 a      1291     0   108     1     7
 -8.6699283326395482E-01 a      1292     0   108     1     8
  2.4654965154390194E+00 a      1293     0   108     1     9
  9.0125760092785556E-01 a      1294     0   108     1    10
 -1.0128514299630615E+00 a      1295     0   108     1    11
 -1.8654709440893584E+00 a      1296     0   108     1    12
 -5.8010885746186391E-01 a      1297     0   109     1     1
 -8.0212414657740672E-01 a      1298     0   109     1     2
  1.4595282917489298E+00 a      1299     0   109     1     3
  6.3699276365836222E-01 a      1300     0   109     1     4
  1.2584059957285487E-02 a      1301     0   109     1     5
  3.0899239871200788E+00 a      1302     0   109     1     6
  4.8772065948411308E-01 a      1303     0   109     1     7
 -1.7754073585358915E-01 a      1304     0   109     1     8
  7.2323050274522738E-02 a      1305     0   109     1     9
  2.3943701736966947E-02 a      1306     0   109     1    10
 -1.0071425381776690E-01 a      1307     0   109     1    11
 -8.2288546345244529E-01 a      1308     0   109     1    12
 -5.3683560071569780E-01 a      1309     0   110     1     1
 -5.2857448296301668E-01 a      1310     0   110     1     2
  8.8843752915766683E-01 a      1311     0   110     1     3
  2.0500787305559234E-01 a      1312     0   110     1     4
  6.7120201673440671E-01 a      1313     0   110     1     5
 -1.0757991273075136E+00 a      1314     0   110     1     6
 -2.9533613017923988E-01 a      1315     0   110     1     7
  1.2139202497459787E+00 a      1316     0   110     1     8
  1.6954299237774513E+00 a      1317     0   110     1     9
 -9.3060438950507262E-03 a      1318     0   110     1    10
 -2.7342696170757170E+00 a      1319     0   110     1    11
  1.1593674822578199E+00 a      1320     0   110     1    12
 -4.1346118773724094E-01 a      1321     0   111     1     1
  6.6334813108936630E-01 a      1322     0   111     1     2
 -5.3890324030762149E-01 a      1323     0   111     1     3
 -2.5279754448743503E+00 a      1324     0   111     1     4
  1.3009783246213773E+00 a      1325     0   111     1     5
  8.5009471978562046E-01 a      1326     0   111     1     6
 -2.9544264691777573E+00 a      1327     0   111     1     7
  6.3732238137596792E-02 a      1328     0   111     1     8
 -3.2268685113761481E-01 a      1329     0   111     1     9
 -7.2408327407766748E-01 a      1330     0   111     1    10
  1.5330159675132129E+00 a      1331     0   111     1    11
  8.7814974949206470E-01 a      1332     0   111     1    12
 -9.1110776173601837E-01 a      1333     0   112     1     1
 -3.4167836039374420E-02 a      1334     0   112     1     2
 -7.9391167937014295E-01 a      1335     0   112     1     3
  5.6491838582231957E-01 a      1336     0   112     1     4
  2.0759953320610425E+00 a      1337     0   112     1     5
 -1.9350540522993083E+00 a      1338     0   112     1     6
  4.0545292084481710E-01 a      1339     0   112     1     7
  6.8787796952915736E-01 a      1340     0   112     1     8
 -2.6363243630123856E+00 a      1341     0   112     1     9
 -9.3125052129263175E-01 a      1342     0   112     1    10
  7.7289748141134940E-01 a      1343     0   112     1    11
  1.9597853093337856E+00 a      1344     0   112     1    12
  5.5369911000081340E-01 a      1345     0   113     1     1
  1.0828816385818807E+00 a      1346     0   113     1     2
 -1.0177175834138774E+00 a      1347     0   113     1     3
 -3.1148306052858493E-01 a      1348     0   113     1     4
 -1.2003939706896062E-01 a      1349     0   113     1     5
 -2.7394401268162767E+00 a      1350     0   113     1     6
 -5.6037409600153920E-01 a      1351     0   113     1     7
  3.2469632462008419E-01 a      1352     0   113     1     8
  1.0977696914922920E-01 a      1353     0   113     1     9
 -2.7740748050856079E-01 a      1354     0   113     1    10
 -3.0248500594432265E-01 a      1355     0   113     1    11
  1.0803655128569190E+00 a      1356     0   113     1    12
  1.3887242582749551E-01 a      1357     0   114     1     1
  2.6516166904539024E-01 a      1358     0   114     1     2
  1.1089858949214238E-02 a      1359     0   114     1     3
 -2.5900932876379001E-01 a      1360     0   114     1     4
 -1.2953151720251928E+00 a      1361     0   114     1     5
  1.0857571051105815E-01 a      1362     0   114     1     6
  1.2356057807265852E+00 a      1363     0   114     1     7
 -1.9857018238352808E-01 a      1364     0   114     1     8
 -1.8030905473138938E+00 a      1365     0   114     1     9
 -2.3132194541390597E-01 a      1366     0   114     1    10
  2.3069825455829074E+00 a      1367     0   114     1    11
 -9.6720187802543323E-01 a      1368     0   114     1    12
  4.1986273260699863E-01 a      1369     0   115     1     1
 -8.9006623781260397E-01 a      1370     0   115     1     2
  1.4999995538424584E+00 a      1371     0   115     1     3
  1.7747001984520168E+00 a      1372     0   115     1     4
 -1.1162109889811580E+00 a      1373     0   115     1     5
 -9.0301714981364511E-01 a      1374     0   115     1     6
  2.6249464562530869E+00 a      1375     0   115     1     7
  2.3940357311541674E-01 a      1376     0   115     1     8
  3.6077334479848661E-01 a      1377     0   115     1     9
  5.1819803584315216E-01 a      1378     0   115     1    10
 -1.1326785625870666E+00 a      1379     0   115     1    11
 -9.5917457676872386E-01 a      1380     0   115     1    12
  6.8384188034210347E-01 a      1381     0   116     1     1
  2.4090603679021641E-01 a      1382     0   116     1     2
  5.8016110336532645E-01 a      1383     0   116     1     3
 -6.4672525189548125E-01 a      1384     0   116     1     4
 -2.4613541183754672E+00 a      1385     0   116     1     5
  1.2774519215118560E+00 a      1386     0   116     1     6
  5.6654681270125046E-02 a      1387     0   116     1     7
  1.2671964741576363E-03 a      1388     0   116     1     8
  2.4213937410489561E+00 a      1389     0   116     1     9
  5.9576623016865893E-01 a      1390     0   116     1    10
 -1.4402783631475120E+00 a      1391     0   116     1    11
 -1.1122083229132458E+00 a      1392     0   116     1    12
 -8.6324841572213207E-01 a      1393     0   117     1     1
 -6.7463652196632695E-01 a      1394     0   117     1     2
  2.2799794201948047E+00 a      1395     0   117     1     3
 -1.9063968958646471E-01 a      1396     0   117     1     4
  3.5487377753118843E-01 a      1397     0   117     1     5
  2.2446398110766266E+00 a      1398     0   117     1     6
 -5.2785121158844217E-01 a      1399     0   117     1     7
 -5.0674183954999363E-01 a      1400     0   117     1     8
 -2.0544755226571962E-01 a      1401     0   117     1     9
  3.5097085749093065E-01 a      1402     0   117     1    10
  5.7503970847991093E-01 a      1403     0   117     1    11
 -1.2632978867591405E+00 a      1404     0   117     1    12
 -4.6981023241989384E-01 a      1405     0   118     1     1
  5.2082237352180827E-01 a      1406     0   118     1     2
  1.4052682188897100E-01 a      1407     0   118     1     3
  4.6711231790080249E-01 a      1408     0   118     1     4
  1.5705391772244783E+00 a      1409     0   118     1     5
 -1.0438472399468641E+00 a      1410     0   118     1     6
 -9.3823636648287001E-01 a      1411     0   118     1     7
 -3.4921237506897025E-02 a      1412     0   118     1     8
 -1.6611596481379551E-01 a      1413     0   118     1     9
 -3.7240637871786603E-01 a      1414     0   118     1    10
 -1.1264826762617972E+00 a      1415     0   118     1    11
  9.2333695188325493E-01 a      1416     0   118     1    12
 -7.7783370262429305E-02 a      1417     0   119     1     1
  1.2111066579021466E+00 a      1418     0   119     1     2
  2.0632041296108159E-02 a      1419     0   119     1     3
 -7.5124966205185073E-01 a      1420     0   119     1     4
  3.5395934362789716E-01 a      1421     0   119     1     5
 -2.2888260376046937E-01 a      1422     0   119     1     6
 -2.0701767663390864E+00 a      1423     0   119     1     7
 -3.8277247143402977E-02 a      1424     0   119     1     8
  9.1381388698745555E-02 a      1425     0   119     1     9
 -7.8200361038393040E-01 a      1426     0   119     1    10
 -6.1432756535874912E-02 a      1427     0   119     1    11
  9.4673740941098039E-01 a      1428     0   119     1    12
 -1.2214595549511971E-01 a      1429     0   120     1     1
 -7.3345221152473411E-02 a      1430     0   120     1     2
 -5.4933444806199472E-01 a      1431     0   120     1     3
 -1.1154136129339658E-01 a      1432     0   120     1     4
 -6.0912030995419264E-01 a      1433     0   120     1     5
 -5.2892082500272342E-01 a      1434     0   120     1     6
  3.7934756085515992E-01 a      1435     0   120     1     7
  1.7874632981530267E-01 a      1436     0   120     1     8
 -3.0030821107590894E-01 a      1437     0   120     1     9
  6.5119367282545776E-02 a      1438     0   120     1    10
  4.2130366261008814E-02 a      1439     0   120     1    11
 -3.7530977781761371E-01 a      1440     0   120     1    12
  2.4316103719413748E-01 a      1441     0   121     1     1
 -3.4212793220358090E-01 a      1442     0   121     1     2
  4.2799595509575838E-01 a      1443     0   121     1     3
  7.5759825186371899E-01 a      1444     0   121     1     4
 -1.1836347770623279E-01 a      1445     0   121     1     5
 -1.1949517603284603E+00 a      1446     0   121     1     6
  1.4721274432404614E+00 a      1447     0   121     1     7
  2.6151861872555565E-01 a      1448     0   121     1     8
 -3.3789069241171144E-01 a      1449     0   121     1     9
  5.4130418923463208E-02 a      1450     0   121     1    10
 -2.7409780318028276E-01 a      1451     0   121     1    11
  2.0524517312448817E-01 a      1452     0   121     1    12
 -5.5153150782969007E-01 a      1453     0   122     1     1
  2.5447843261264036E-01 a      1454     0   122     1     2
  1.1359813103867550E-01 a      1455     0   122     1     3
  9.1063201260845564E-02 a      1456     0   122     1     4
  7.4059281885201622E-01 a      1457     0   122     1     5
  4.6963123849012273E-01 a      1458     0   122     1     6
 -1.1253592186284549E+00 a      1459     0   122     1     7
  3.2222392886209889E-01 a      1460     0   122     1     8
 -6.2516218085741440E-02 a      1461     0   122     1     9
  3.3357481438945530E-01 a      1462     0   122     1    10
  3.1545759350409813E-01 a      1463     0   122     1    11
  3.3283386250553820E-01 a      1464     0   122     1    12
 -4.1244309010884822E-01 a      1465     0   123     1     1
  1.8417517158511348E-01 a      1466     0   123     1     2
  1.0842836784861154E+00 a      1467     0   123     1     3
 -8.0744993442900925E-01 a      1468     0   123     1     4
  2.0572455793306113E-01 a      1469     0   123     1     5
  8.6943312753297619E-01 a      1470     0   123     1     6
 -8.3690000367018824E-01 a      1471     0   123     1     7
 -1.8618117514867369E-01 a      1472     0   123     1     8
 -3.0243217720721124E-02 a      1473     0   123     1     9
 -2.9635475023012850E-02 a      1474     0   123     1    10
  1.1876892206899257E-01 a      1475     0   123     1    11
 -2.7049658422986067E-01 a      1476     0   123     1    12
  4.6818692949433915E-01 a      1477     0   124     1     1
 -2.1051990484181465E-01 a      1478     0   124     1     2
  7.3826254291290960E-01 a      1479     0   124     1     3
 -6.6741261274811037E-01 a      1480     0   124     1     4
 -2.0456338776788910E-01 a      1481     0   124     1     5
 -4.6597724699294879E-01 a      1482     0   124     1     6
  1.5069838614855349E+00 a      1483     0   124     1     7
 -2.1747833656022025E-01 a      1484     0   124     1     8
 -3.8267322282281985E-01 a      1485     0   124     1     9
  4.4039947433895321E-01 a      1486     0   124     1    10
 -1.2974466170339977E-01 a      1487     0   124     1    11
  1.2693889000258748E-01 a      1488     0   124     1    12
  1.2884801274846505E+00 a      1489     0   125     1     1
 -2.4229001951261681E-01 a      1490     0   125     1     2
 -8.9929673065688909E-01 a      1491     0   125     1     3
  7.3164204702323843E-01 a      1492     0   125     1     4
 -4.4638670006633896E-01 a      1493     0   125     1     5
 -7.1716888612872343E-01 a      1494     0   125     1     6
 -8.4567005550229346E-01 a      1495     0   125     1     7
  1.0222916699221165E+00 a      1496     0   125     1     8
 -1.0036746102476368E-01 a      1497     0   125     1     9
 -5.4186962934358951E-01 a      1498     0   125     1    10
 -7.5992932605824060E-01 a      1499     0   125     1    11
  2.9389318735697700E-01 a      1500     0   125     1    12
  1.6745175059183651E-01 a      1501     0   126     1     1
  5.6711121444756640E-01 a      1502     0   126     1     2
  1.8378317373905442E+00 a      1503     0   126     1     3
 -1.5883051145207019E+00 a      1504     0   126     1     4
 -1.5716416627514460E-01 a      1505     0   126     1     5
  1.7296146440125354E-01 a      1506     0   126     1     6
  8.6522893386319388E-01 a      1507     0   126     1     7
 -1.0655917592376691E+00 a      1508     0   126     1     8
  1.5555215650462877E+00 a      1509     0   126     1     9
  3.4968103506573484E-01 a      1510     0   126     1    10
 -2.2618799298955432E+00 a      1511     0   126     1    11
 -1.2178064482585056E+00 a      1512     0   126     1    12
  2.3443777724504051E+00 a      1513     0   127     1     1
 -6.2283980664489158E-01 a      1514     0   127     1     2
  1.8263646893300658E-01 a      1515     0   127     1     3
  9.8038096799121066E-01 a      1516     0   127     1     4
 -3.4653998866468760E-01 a      1517     0   127     1     5
 -7.9327910133071233E-01 a      1518     0   127     1     6
 -2.1694407761345640E+00 a      1519     0   127     1     7
  4.3064372476357493E-01 a      1520     0   127     1     8
 -1.5459121522833960E-01 a      1521     0   127     1     9
 -4.3195229886074316E-01 a      1522     0   127     1    10
 -1.8901931079718934E+00 a      1523     0   127     1    11
  7.5672469773898177E-01 a      1524     0   127     1    12
 -3.8857783434574050E-01 a      1525     0   128     1     1
  6.2332784295354715E-01 a      1526     0   128     1     2
  4.4920743621234847E+00 a      1527     0   128     1     3
 -2.7155473785620239E+00 a      1528     0   128     1     4
  1.9996059895993623E+00 a      1529     0   128     1     5
  2.8882808978720358E+00 a      1530     0   128     1     6
  1.6995816226353220E+00 a      1531     0   128     1     7
 -2.6840436617624555E+00 a      1532     0   128     1     8
  1.1399186918249717E+00 a      1533     0   128     1     9
  1.3653391456063697E+00 a      1534     0   128     1    10
 -1.1292466633480907E+00 a      1535     0   128     1    11
 -1.6621971785782186E+00 a      1536     0   128     1    12
  2.3419911133181808E+00 a      1537     0   129     1     1
  3.0744040794077854E-01 a      1538     0   129     1     2
  6.7696324064356062E-01 a      1539     0   129     1     3
  9.4161339110348397E-01 a      1540     0   129     1     4
 -1.1263785187264370E+00 a      1541     0   129     1     5
 -1.5187912328141495E-01 a      1542     0   129     1     6
 -1.3663896443673722E+00 a      1543     0   129     1     7
  5.3320275116755189E-01 a      1544     0   129     1     8
  2.4376922247033000E-01 a      1545     0   129     1     9
 -1.1605211068586674E+00 a      1546     0   129     1    10
 -2.1604424352562956E+00 a      1547     0   129     1    11
  3.9642608238666516E-01 a      1548     0   129     1    12
 -1.0002295180681666E+00 a      1549     0   130     1     1
  6.5760062967704336E-01 a      1550     0   130     1     2
  9.8250508932822322E-01 a      1551     0   130     1     3
 -1.4659625017370472E+00 a      1552     0   130     1     4
 -8.2094503490022819E-01 a      1553     0   130     1     5
  1.8778983212425762E+00 a      1554     0   130     1     6
  2.9606559386273501E+00 a      1555     0   130     1     7
 -1.1648008858061973E+00 a      1556     0   130     1     8
  1.4754830314726510E+00 a      1557     0   130     1     9
  8.9977413373475390E-01 a      1558     0   130     1    10
 -1.6925065619405188E+00 a      1559     0   130     1    11
 -8.9134747826209149E-01 a      1560     0   130     1    12
 -3.1373893764101785E-01 a      1561     0   131     1     1
  1.9408490283467996E+00 a      1562     0   131     1     2
 -5.6526097799998209E-01 a      1563     0   131     1     3
  2.2746319904814611E+00 a      1564     0   131     1     4
 -2.9954753718412968E+00 a      1565     0   131     1     5
 -6.2576183579299558E+00 a      1566     0   131     1     6
  6.7397325387506068E-01 a      1567     0   131     1     7
  9.9939952179385105E-01 a      1568     0   131     1     8
 -1.8196189247873742E-01 a      1569     0   131     1     9
  1.6777663301152113E-01 a      1570     0   131     1    10
  2.0344745113536891E+00 a      1571     0   131     1    11
 -1.7462925383317265E-01 a      1572     0   131     1    12
 -2.3531620024470730E+00 a      1573     0   132     1     1
  7.6131269467060850E-02 a      1574     0   132     1     2
 -4.5610993210515076E+00 a      1575     0   132     1     3
  7.3329136444470477E-01 a      1576     0   132     1     4
 -3.6849958133299956E+00 a      1577     0   132     1     5
  7.2879812868282396E+00 a      1578     0   132     1     6
  1.9969420697646936E+00 a      1579     0   132     1     7
  5.8748600619133988E+00 a      1580     0   132     1     8
  1.8485419853509539E+00 a      1581     0   132     1     9
  2.1578967097983397E+00 a      1582     0   132     1    10
  6.5764021845929124E+00 a      1583     0   132     1    11
  4.6968471830737868E-01 a      1584     0   132     1    12
  1.4770500845523049E-01 a      1585     0   133     1     1
  5.2001962781469748E+00 a      1586     0   133     1     2
 -1.8696274706083218E+00 a      1587     0   133     1     3
  3.6876868143143575E+00 a      1588     0   133     1     4
 -5.5287928218542115E+00 a      1589     0   133     1     5
 -2.0821216074199288E+01 a      1590     0   133     1     6
 -5.6239106915845916E-01 a      1591     0   133     1     7
  8.4102838756587484E-01 a      1592     0   133     1     8
 -1.4365998409481988E+00 a      1593     0   133     1     9
 -1.2557799902284712E+00 a      1594     0   133     1    10
  3.6440210142083842E+00 a      1595     0   133     1    11
  9.6555883777594687E-01 a      1596     0   133     1    12
 -1.3623601984117431E+00 a      1597     0   134     1     1
 -5.3915387892938371E+00 a      1598     0   134     1     2
 -1.1684757914739377E+01 a      1599     0   134     1     3
  4.3141823352234576E+00 a      1600     0   134     1     4
 -3.8311546032756314E+00 a      1601     0   134     1     5
  2.0874782265146756E+01 a      1602     0   134     1     6
  7.1471063971988436E+00 a      1603     0   134     1     7
  1.3150881251743177E+01 a      1604     0   134     1     8
  4.6860527041175049E+00 a      1605     0   134     1     9
  1.1240826875570700E+00 a      1606     0   134     1    10
  2.0326696433766685E+01 a      1607     0   134     1    11
  5.3493813916795585E-01 a      1608     0   134     1    12
  2.3325325669339647E+00 a      1609     0   135     1     1
  9.6286458059036084E-01 a      1610     0   135     1     2
 -2.1882373214557016E+00 a      1611     0   135     1     3
  1.4814350172736535E+00 a      1612     0   135     1     4
 -1.8405174356880252E+00 a      1613     0   135     1     5
 -1.9920372783229055E+01 a      1614     0   135     1     6
 -2.6149217722834472E-01 a      1615     0   135     1     7
  1.6084490732952408E+00 a      1616     0   135     1     8
 -1.3586758258582983E+00 a      1617     0   135     1     9
 -1.5630543193112989E+00 a      1618     0   135     1    10
  3.2573720740938010E+00 a      1619     0   135     1    11
  8.8912368309983147E-01 a      1620     0   135     1    12
  3.8581493885726159E+00 a      1621     0   136     1     1
 -8.9995738960727749E+00 a      1622     0   136     1     2
 -4.8192338087346185E+00 a      1623     0   136     1     3
  4.5261500586853822E+00 a      1624     0   136     1     4
  5.2724755157611698E+00 a      1625     0   136     1     5
  1.4011518136724153E+01 a      1626     0   136     1     6
  3.9886880477102653E+00 a      1627     0   136     1     7
  5.0624649374001836E+00 a      1628     0   136     1     8
  3.5916268084639213E+00 a      1629     0   136     1     9
 -3.4383902352710369E+00 a      1630     0   136     1    10
  1.5573480392610342E+01 a      1631     0   136     1    11
 -1.9460143769566078E+00 a      1632     0   136     1    12
 -2.4821826242527933E+00 a      1633     0   137     1     1
 -2.0528107706183389E+00 a      1634     0   137     1     2
  2.6009188118215083E+00 a      1635     0   137     1     3
 -2.3994871075259483E+00 a      1636     0   137     1     4
  5.8452198408419340E+00 a      1637     0   137     1     5
  2.4716918779052637E+01 a      1638     0   137     1     6
  1.8809788846342672E+00 a      1639     0   137     1     7
 -9.9188553754365882E-01 a      1640     0   137     1     8
  1.9260264009299193E+00 a      1641     0   137     1     9
  6.8773636856034404E-01 a      1642     0   137     1    10
 -5.5781800518400884E+00 a      1643     0   137     1    11
 -9.6036092730807443E-01 a      1644     0   137     1    12
 -1.9685932409960023E+00 a      1645     0   138     1     1
  1.0761844864264287E+01 a      1646     0   138     1     2
  1.1156957438360870E+01 a      1647     0   138     1     3
 -7.3560715718529535E+00 a      1648     0   138     1     4
 -4.8069191268246430E+00 a      1649     0   138     1     5
 -2.9165739167735467E+01 a      1650     0   138     1     6
 -9.7851897354756474E+00 a      1651     0   138     1     7
 -1.1199904151783887E+01 a      1652     0   138     1     8
 -6.0645179251424324E+00 a      1653     0   138     1     9
  1.9571659041438767E+00 a      1654     0   138     1    10
 -2.4562749867833801E+01 a      1655     0   138     1    11
  2.9788793838480601E+00 a      1656     0   138     1    12
  8.9311702718725894E-01 a      1657     0   139     1     1
  4.8815494151701722E-01 a      1658     0   139     1     2
  1.7053575227584303E+00 a      1659     0   139     1     3
  7.9355683917853947E-01 a      1660     0   139     1     4
 -2.5506688628190219E+00 a      1661     0   139     1     5
 -7.5795357721063121E+00 a      1662     0   139     1     6
  4.5023662032889669E-02 a      1663     0   139     1     7
 -2.5926690329756202E-01 a      1664     0   139     1     8
 -9.4288570820933315E-01 a      1665     0   139     1     9
  4.7194523611887146E-01 a      1666     0   139     1    10
  2.0747146982478633E+00 a      1667     0   139     1    11
  5.1646398495689771E-01 a      1668     0   139     1    12
  2.8853553005986043E-01 a      1669     0   140     1     1
 -2.8133076025014740E+00 a      1670     0   140     1     2
 -4.0715188382339900E+00 a      1671     0   140     1     3
  3.5799059891388048E+00 a      1672     0   140     1     4
  1.8939615440666748E+00 a      1673     0   140     1     5
  1.1276315383834604E+01 a      1674     0   140     1     6
  4.8430986510199254E+00 a      1675     0   140     1     7
  3.4912121388587813E+00 a      1676     0   140     1     8
  2.0190747806208940E+00 a      1677     0   140     1     9
 -8.1900751764649157E-02 a      1678     0   140     1    10
  7.9060479809538782E+00 a      1679     0   140     1    11
 -2.0604379936850199E+00 a      1680     0   140     1    12
 -1.0929305702729131E+01 a      1681     0   141     1     1
  2.5655587239928610E+00 a      1682     0   141     1     2
  2.2896475729135370E+00 a      1683     0   141     1     3
  1.7156268194969670E+00 a      1684     0   141     1     4
 -6.7481351300722059E+00 a      1685     0   141     1     5
 -8.4649474703318397E+00 a      1686     0   141     1     6
  6.6814757844518935E+00 a      1687     0   141     1     7
  4.5739051327918476E+00 a      1688     0   141     1     8
 -3.8526818847554889E+00 a      1689     0   141     1     9
 -5.9820850487662272E+00 a      1690     0   141     1    10
 -4.3575438027935736E+00 a      1691     0   141     1    11
 -1.5613306308016337E+00 a      1692     0   141     1    12
  1.4583207861558867E-01 a      1693     0   142     1     1
 -6.4861383901531893E+00 a      1694     0   142     1     2
  1.9404520653423804E-01 a      1695     0   142     1     3
  3.8515560811514180E+00 a      1696     0   142     1     4
 -1.9240754673858251E-01 a      1697     0   142     1     5
  4.5918417093064656E+00 a      1698     0   142     1     6
 -2.2117906466344834E+00 a      1699     0   142     1     7
 -2.8377225118180638E+00 a      1700     0   142     1     8
  6.7567445231163459E-01 a      1701     0   142     1     9
 -8.8180564637690850E-01 a      1702     0   142     1    10
 -3.5934169692518454E+00 a      1703     0   142     1    11
  3.9392741957161230E+00 a      1704     0   142     1    12
  2.2392015192804829E-01 a      1705     0   143     1     1
 -6.6164411882183281E+00 a      1706     0   143     1     2
  3.4911570059254693E-01 a      1707     0   143     1     3
  4.0101141112352146E+00 a      1708     0   143     1     4
 -2.5516429588634454E-01 a      1709     0   143     1     5
  4.5536637733183341E+00 a      1710     0   143     1     6
 -2.2609679215557210E+00 a      1711     0   143     1     7
 -2.8836111238865123E+00 a      1712     0   143     1     8
  9.5701558838414780E-01 a      1713     0   143     1     9
 -7.1753910261661358E-01 a      1714     0   143     1    10
 -3.7089833901404692E+00 a      1715     0   143     1    11
  4.0880713557051092E+00 a      1716     0   143     1    12
  8.3835785798648077E-01 a      1717     0   144     1     1
  2.5096352603618564E+00 a      1718     0   144     1     2
  3.3939495992177733E+00 a      1719     0   144     1     3
 -3.0163888476847527E+00 a      1720     0   144     1     4
 -1.1103440750749409E+00 a      1721     0   144     1     5
 -6.1403021048885504E+00 a      1722     0   144     1     6
  2.1582457021192858E+00 a      1723     0   144     1     7
  2.0104007302131950E+00 a      1724     0   144     1     8
  7.4170924099326896E-01 a      1725     0   144     1     9
  4.7249593388859426E+00 a      1726     0   144     1    10
 -2.4265027023432198E-01 a      1727     0   144     1    11
  6.1807357029087417E-01 a      1728     0   144     1    12
  2.1800222618562556E-02 a      1729     0   145     1     1
 -2.9065918074566577E+00 a      1730     0   145     1     2
  8.9549256180974279E-01 a      1731     0   145     1     3
 -2.3729367125645364E+00 a      1732     0   145     1     4
  2.2624406999349524E+00 a      1733     0   145     1     5
  3.6361433395757969E+00 a      1734     0   145     1     6
  9.1506599474064709E-01 a      1735     0   145     1     7
  2.4923790221232052E+00 a      1736     0   145     1     8
  3.4146852773827847E+00 a      1737     0   145     1     9
  7.8412520758031790E-01 a      1738     0   145     1    10
 -1.8532622887541115E+00 a      1739     0   145     1    11
 -8.6953299239751022E-02 a      1740     0   145     1    12
  2.5535768888913751E-01 a      1741     0   146     1     1
 -2.9636341118735987E+00 a      1742     0   146     1     2
  7.2185141213335602E-01 a      1743     0   146     1     3
 -2.4269650649732437E+00 a      1744     0   146     1     4
  2.1346587221105335E+00 a      1745     0   146     1     5
  3.5263685595877821E+00 a      1746     0   146     1     6
  1.0265496868103743E+00 a      1747     0   146     1     7
  2.3232554757702215E+00 a      1748     0   146     1     8
  3.3552002085097929E+00 a      1749     0   146     1     9
  8.3837282605684960E-01 a      1750     0   146     1    10
 -1.7714841974441653E+00 a      1751     0   146     1    11
  1.0547208796195870E-01 a      1752     0   146     1    12
  5.9069529419431817E+00 a      1753     0   147     1     1
 -4.3383450262885805E+00 a      1754     0   147     1     2
 -7.5185745124891366E+00 a      1755     0   147     1     3
  5.2242785218969203E+00 a      1756     0   147     1     4
  4.7539299609402006E+00 a      1757     0   147     1     5
  7.0543574010063992E+00 a      1758     0   147     1     6
 -4.2560197780388420E-01 a      1759     0   147     1     7
 -5.1453243166597931E+00 a      1760     0   147     1     8
  9.2497322270205040E-01 a      1761     0   147     1     9
  2.0455395613309872E+00 a      1762     0   147     1    10
  2.2536792544957973E+00 a      1763     0   147     1    11
  2.1157715621359152E+00 a      1764     0   147     1    12
 -7.1093394943939892E-01 a      1765     0   148     1     1
  7.7734388661935361E+00 a      1766     0   148     1     2
 -4.6954003795882651E+00 a      1767     0   148     1     3
 -1.1799987124866698E+00 a      1768     0   148     1     4
  2.7471632615866876E-01 a      1769     0   148     1     5
 -6.7690657043300426E+00 a      1770     0   148     1     6
  4.0402215264996073E+00 a      1771     0   148     1     7
 -4.8124806735847914E-01 a      1772     0   148     1     8
 -1.7920243625794359E+00 a      1773     0   148     1     9
 -4.2882101609123646E-02 a      1774     0   148     1    10
  4.3771347559361455E+00 a      1775     0   148     1    11
 -2.3303042338564488E+00 a      1776     0   148     1    12
 -6.0278061522414306E-01 a      1777     0   149     1     1
  7.7376586399188403E+00 a      1778     0   149     1     2
 -4.6005066667880214E+00 a      1779     0   149     1     3
 -9.6070451264930201E-01 a      1780     0   149     1     4
  1.0862636985875719E-01 a      1781     0   149     1     5
 -6.9393980712663677E+00 a      1782     0   149     1     6
  4.0370035107201101E+00 a      1783     0   149     1     7
 -3.2012366975522027E-01 a      1784     0   149     1     8
 -1.8848915911662794E+00 a      1785     0   149     1     9
 -5.8365209460133148E-02 a      1786     0   149     1    10
  4.5441486724250533E+00 a      1787     0   149     1    11
 -2.4349246271351608E+00 a      1788     0   149     1    12
  8.4415016481792087E+00 a      1789     0   150     1     1
  1.2811588594098147E+00 a      1790     0   150     1     2
  2.1111570916274127E+00 a      1791     0   150     1     3
 -3.8648351821498461E+00 a      1792     0   150     1     4
  3.2194849718033165E+00 a      1793     0   150     1     5
 -2.4327575805867085E+00 a      1794     0   150     1     6
 -1.0449689219500853E+00 a      1795     0   150     1     7
 -5.4936944431452184E-01 a      1796     0   150     1     8
  3.3863664680121959E+00 a      1797     0   150     1     9
  1.0169430523421463E+01 a      1798     0   150     1    10
  2.5202789435256321E+00 a      1799     0   150     1    11
  1.9152414381559084E+00 a      1800     0   150     1    12
 -2.9654435157654226E-02 a      1801     0   151     1     1
  7.5055200682646650E-01 a      1802     0   151     1     2
 -5.4373934777600400E-02 a      1803     0   151     1     3
 -5.1210135164169559E+00 a      1804     0   151     1     4
  3.1086915742291232E+00 a      1805     0   151     1     5
  1.1611931141813043E+00 a      1806     0   151     1     6
  2.7958388690982012E+00 a      1807     0   151     1     7
  4.3327039565614252E+00 a      1808     0   151     1     8
  3.5620774592582070E+00 a      1809     0   151     1     9
  1.5316882587682339E+00 a      1810     0   151     1    10
  2.9388340369426547E-01 a      1811     0   151     1    11
 -2.1793335526695823E+00 a      1812     0   151     1    12
  8.8095928038494975E-02 a      1813     0   152     1     1
  9.2630820040328410E-01 a      1814     0   152     1     2
  2.0973373360708984E-02 a      1815     0   152     1     3
 -5.1734675589009704E+00 a      1816     0   152     1     4
  2.9261220216026267E+00 a      1817     0   152     1     5
  9.2244047207001978E-01 a      1818     0   152     1     6
  2.8237344555352459E+00 a      1819     0   152     1     7
  4.2260281189753295E+00 a      1820     0   152     1     8
  3.5743412294492924E+00 a      1821     0   152     1     9
  1.6062558541702885E+00 a      1822     0   152     1    10
  2.8747237055490699E-01 a      1823     0   152     1    11
 -2.4158633300126771E+00 a      1824     0   152     1    12
 -1.4094376678715017E+00 a      1825     0   153     1     1
  1.6893411082841239E+00 a      1826     0   153     1     2
  1.4509146485509056E-01 a      1827     0   153     1     3
 -7.8255855228368920E-01 a      1828     0   153     1     4
 -1.2093196125215855E+00 a      1829     0   153     1     5
 -5.5694072708233711E-01 a      1830     0   153     1     6
 -2.4818636524565494E+00 a      1831     0   153     1     7
 -4.2396147862837180E-01 a      1832     0   153     1     8
  4.4518391070687341E-01 a      1833     0   153     1     9
  2.5006547411770508E-01 a      1834     0   153     1    10
 -1.8218775846114429E-01 a      1835     0   153     1    11
 -1.6384877281463591E-02 a      1836     0   153     1    12
 -1.0612765709019267E+00 a      1837     0   154     1     1
 -1.1073876652207479E+00 a      1838     0   154     1     2
 -8.5845363977496136E-01 a      1839     0   154     1     3
 -8.0293924770319269E-01 a      1840     0   154     1     4
 -8.1797124366085727E-01 a      1841     0   154     1     5
 -4.3063203658666567E-02 a      1842     0   154     1     6
 -1.0774904092027164E+00 a      1843     0   154     1     7
  1.8387921564018708E-01 a      1844     0   154     1     8
 -7.5031809000540872E-01 a      1845     0   154     1     9
  5.1556628593427867E-01 a      1846     0   154     1    10
 -9.2800144401941431E-01 a      1847     0   154     1    11
 -1.0021044110994937E+00 a      1848     0   154     1    12
 -9.1208383837464280E-01 a      1849     0   155     1     1
 -9.1431628461129943E-01 a      1850     0   155     1     2
 -9.8195409677144896E-01 a      1851     0   155     1     3
 -6.1139102839883430E-01 a      1852     0   155     1     4
 -7.8553163224009936E-01 a      1853     0   155     1     5
 -1.8162176144633557E-01 a      1854     0   155     1     6
 -9.8692091239457747E-01 a      1855     0   155     1     7
  3.2994625588464160E-01 a      1856     0   155     1     8
 -6.1200640544007678E-01 a      1857     0   155     1     9
  3.8535148162853006E-01 a      1858     0   155     1    10
 -7.2039613205848207E-01 a      1859     0   155     1    11
 -9.4394924717843309E-01 a      1860     0   155     1    12
 -5.0992366638187354E+00 a      1861     0   156     1     1
 -5.3582637580755383E+00 a      1862     0   156     1     2
 -5.2558186214127325E+00 a      1863     0   156     1     3
  4.5430121597324202E+00 a      1864     0   156     1     4
  3.2089441076380463E+00 a      1865     0   156     1     5
  9.5671636486135991E+00 a      1866     0   156     1     6
 -1.9443873978131711E-02 a      1867     0   156     1     7
  7.0405619209569961E-02 a      1868     0   156     1     8
 -3.0144266583721846E+00 a      1869     0   156     1     9
 -9.3704231018420874E+00 a      1870     0   156     1    10
 -4.8501044358089079E-01 a      1871     0   156     1    11
 -2.2641040914229675E+00 a      1872     0   156     1    12
 -1.0465081940772841E-01 a      1873     0   157     1     1
  1.1837992699675557E+00 a      1874     0   157     1     2
 -3.1882295800810696E+00 a      1875     0   157     1     3
  6.7634616577805193E+00 a      1876     0   157     1     4
 -1.8640346079385863E+00 a      1877     0   157     1     5
 -5.5087031378776763E-01 a      1878     0   157     1     6
 -6.7406939716580050E-01 a      1879     0   157     1     7
 -5.1480564235322586E+00 a      1880     0   157     1     8
 -6.4234580066776354E+00 a      1881     0   157     1     9
 -7.9482635012986247E-01 a      1882     0   157     1    10
  1.0836036420524739E+00 a      1883     0   157     1    11
  1.0187077395178334E+00 a      1884     0   157     1    12
  1.4919213199308303E-02 a      1885     0   158     1     1
  1.1201313605229388E+00 a      1886     0   158     1     2
 -3.1653701528695666E+00 a      1887     0   158     1     3
  6.6237648285350472E+00 a      1888     0   158     1     4
 -1.9940925424281304E+00 a      1889     0   158     1     5
 -4.6698645886916534E-01 a      1890     0   158     1     6
 -5.5768093983282840E-01 a      1891     0   158     1     7
 -5.1480027317525092E+00 a      1892     0   158     1     8
 -6.5292230318883329E+00 a      1893     0   158     1     9
 -8.3811139368430665E-01 a      1894     0   158     1    10
  1.2313280163046192E+00 a      1895     0   158     1    11
  1.0051102765059992E+00 a      1896     0   158     1    12
 -4.3683944448178069E-01 a      1897     0   159     1     1
 -5.3143615277946434E+00 a      1898     0   159     1     2
  1.1594752570214743E-01 a      1899     0   159     1     3
 -2.9481397930989122E+00 a      1900     0   159     1     4
  4.8809405017569230E+00 a      1901     0   159     1     5
  4.7363942893368867E+00 a      1902     0   159     1     6
 -4.3619311345117948E+00 a      1903     0   159     1     7
  1.6459709951463826E+00 a      1904     0   159     1     8
 -4.4141288769355800E+00 a      1905     0   159     1     9
 -4.9282670545034506E+00 a      1906     0   159     1    10
  5.1960699306497382E+00 a      1907     0   159     1    11
 -1.9605694785327560E-01 a      1908     0   159     1    12
 -2.7192699787330739E+00 a      1909     0   160     1     1
  2.3880066334588008E+00 a      1910     0   160     1     2
  3.9937606361682820E+00 a      1911     0   160     1     3
 -2.8665392166569448E+00 a      1912     0   160     1     4
 -4.6043274957111917E+00 a      1913     0   160     1     5
  6.0983130389059284E+00 a      1914     0   160     1     6
 -2.9763479035773854E+00 a      1915     0   160     1     7
  7.8692512151784166E-01 a      1916     0   160     1     8
 -5.4213801438648686E+00 a      1917     0   160     1     9
  2.4532699882079632E+00 a      1918     0   160     1    10
 -8.9962482571644309E-01 a      1919     0   160     1    11
 -5.9151187861930687E-01 a      1920     0   160     1    12
 -2.8213296193647888E+00 a      1921     0   161     1     1
  2.4205425162454519E+00 a      1922     0   161     1     2
  3.9956011042870272E+00 a      1923     0   161     1     3
 -2.8491289806877624E+00 a      1924     0   161     1     4
 -4.6213126346385227E+00 a      1925     0   161     1     5
  6.0515601487542403E+00 a      1926     0   161     1     6
 -2.9446455491396781E+00 a      1927     0   161     1     7
  7.7344244424453090E-01 a      1928     0   161     1     8
 -5.4120604731978208E+00 a      1929     0   161     1     9
  2.6066946451129875E+00 a      1930     0   161     1    10
 -8.8924882784485992E-01 a      1931     0   161     1    11
 -6.7932691045864946E-01 a      1932     0   161     1    12
 -1.4235748688617702E+00 a      1933     0   162     1     1
 -5.5379787027622704E+00 a      1934     0   162     1     2
  2.0098269785301184E-01 a      1935     0   162     1     3
  4.2412031006624389E+00 a      1936     0   162     1     4
  3.1492132446093244E+00 a      1937     0   162     1     5
  7.2706291626980351E+00 a      1938     0   162     1     6
 -4.9917225079856209E+00 a      1939     0   162     1     7
 -1.5502641837449229E+00 a      1940     0   162     1     8
 -8.2769033053308529E+00 a      1941     0   162     1     9
 -6.4277354064029737E+00 a      1942     0   162     1    10
  4.8177153982988425E+00 a      1943     0   162     1    11
  1.0543120731064362E+00 a      1944     0   162     1    12
 -1.3285659482627818E+00 a      1945     0   163     1     1
  4.9702733466036122E+00 a      1946     0   163     1     2
  8.6399909416779230E-01 a      1947     0   163     1     3
 -4.6362345445407884E+00 a      1948     0   163     1     4
 -2.2179511799216587E+00 a      1949     0   163     1     5
 -6.2306000899307348E+00 a      1950     0   163     1     6
 -2.5942661710528538E+00 a      1951     0   163     1     7
 -5.3898898875761636E-01 a      1952     0   163     1     8
 -5.0536760372919156E+00 a      1953     0   163     1     9
  1.4166229139922084E+00 a      1954     0   163     1    10
  6.1590991142094937E+00 a      1955     0   163     1    11
  8.6696642592674636E-02 a      1956     0   163     1    12
 -1.1523798537410699E+00 a      1957     0   164     1     1
  4.9115710232571237E+00 a      1958     0   164     1     2
  1.0509793776716170E+00 a      1959     0   164     1     3
 -4.5728157782479437E+00 a      1960     0   164     1     4
 -2.5123163002080302E+00 a      1961     0   164     1     5
 -6.0576811471456038E+00 a      1962     0   164     1     6
 -2.5476848522973046E+00 a      1963     0   164     1     7
 -6.4840517842922041E-01 a      1964     0   164     1     8
 -4.7897502931348610E+00 a      1965     0   164     1     9
  1.4940032268876509E+00 a      1966     0   164     1    10
  6.1103082359935135E+00 a      1967     0   164     1    11
  2.3534630453689830E-02 a      1968     0   164     1    12
  8.2868970099352754E+00 a      1969     0   165     1     1
  5.8054270940084960E+00 a      1970     0   165     1     2
 -3.3203685620157324E+00 a      1971     0   165     1     3
 -1.3875077981307369E+01 a      1972     0   165     1     4
 -5.0846331279303678E+00 a      1973     0   165     1     5
  2.9951527445042028E+00 a      1974     0   165     1     6
  7.0936195852250750E-01 a      1975     0   165     1     7
 -1.2947152200551408E+00 a      1976     0   165     1     8
  1.2614021447577043E+01 a      1977     0   165     1     9
  8.8989267841138666E+00 a      1978     0   165     1    10
 -6.0422214280737032E+00 a      1979     0   165     1    11
 -2.2165381003028619E+00 a      1980     0   165     1    12
  5.7964284203541672E+00 a      1981     0   166     1     1
 -7.7854340653624243E+00 a      1982     0   166     1     2
  2.0529362279961196E+00 a      1983     0   166     1     3
  6.0158749445524506E+00 a      1984     0   166     1     4
  2.2059062765656576E+00 a      1985     0   166     1     5
  9.7127675684182648E+00 a      1986     0   166     1     6
 -1.8663263412063367E+00 a      1987     0   166     1     7
  3.1706494632760416E+00 a      1988     0   166     1     8
  6.9846128302648181E+00 a      1989     0   166     1     9
 -1.6095850944519623E+00 a      1990     0   166     1    10
 -8.5193667472990136E+00 a      1991     0   166     1    11
 -5.9743286291598321E-02 a      1992     0   166     1    12
  5.9343568261578952E+00 a      1993     0   167     1     1
 -7.9390495673916801E+00 a      1994     0   167     1     2
  2.1415863334077336E+00 a      1995     0   167     1     3
  5.8792242073678054E+00 a      1996     0   167     1     4
  2.2730429804961467E+00 a      1997     0   167     1     5
  9.7052461584573564E+00 a      1998     0   167     1     6
 -1.6682853917180163E+00 a      1999     0   167     1     7
  3.1359418723125079E+00 a      2000     0   167     1     8
  7.1961833270160378E+00 a      2001     0   167     1     9
 -1.6583935266215186E+00 a      2002     0   167     1    10
 -8.6684898723005688E+00 a      2003     0   167     1    11
  5.9727764251686598E-02 a      2004     0   167     1    12
  1.9864948939332894E-01 a      2005     0   168     1     1
 -3.3677705181959330E+00 a      2006     0   168     1     2
 -3.2851981484835369E-01 a      2007     0   168     1     3
  3.9437633564494909E+00 a      2008     0   168     1     4
  5.2478294606813203E-01 a      2009     0   168     1     5
  7.6195182288770855E+00 a      2010     0   168     1     6
 -4.2760108060695670E+00 a      2011     0   168     1     7
 -2.9628213473972425E+00 a      2012     0   168     1     8
 -5.8410462117950752E+00 a      2013     0   168     1     9
 -4.0164921567405756E+00 a      2014     0   168     1    10
  2.2845677848064785E+00 a      2015     0   168     1    11
  1.0530274029017044E+00 a      2016     0   168     1    12
  9.3425443745189651E-01 a      2017     0   169     1     1
  3.6433054376638365E+00 a      2018     0   169     1     2
 -2.6246988523559323E-01 a      2019     0   169     1     3
 -3.2485495285312442E+00 a      2020     0   169     1     4
 -5.5524284594550133E-01 a      2021     0   169     1     5
 -8.6581910270200186E+00 a      2022     0   169     1     6
 -2.4831431811096008E+00 a      2023     0   169     1     7
 -5.4309734240030161E-01 a      2024     0   169     1     8
 -2.3109319972001976E+00 a      2025     0   169     1     9
  2.5641040943531074E-01 a      2026     0   169     1    10
  6.4774583002442458E+00 a      2027     0   169     1    11
  3.1331968925791759E-01 a      2028     0   169     1    12
  9.8369205223089695E-01 a      2029     0   170     1     1
  3.6978275520613484E+00 a      2030     0   170     1     2
 -3.6059037670199506E-01 a      2031     0   170     1     3
 -3.1608905429326093E+00 a      2032     0   170     1     4
 -5.6396282803061493E-01 a      2033     0   170     1     5
 -8.7793743848270385E+00 a      2034     0   170     1     6
 -2.4107601286925116E+00 a      2035     0   170     1     7
 -4.7268071591922184E-01 a      2036     0   170     1     8
 -2.3922165142235210E+00 a      2037     0   170     1     9
  5.0876948096051466E-01 a      2038     0   170     1    10
  6.4906710271345993E+00 a      2039     0   170     1    11
  3.0999741769241995E-01 a      2040     0   170     1    12
 -3.6609958259923330E+00 a      2041     0   171     1     1
 -1.6220238237128784E-01 a      2042     0   171     1     2
  9.6166615396039656E+00 a      2043     0   171     1     3
  8.6001796497580028E+00 a      2044     0   171     1     4
 -2.7368908166439443E-01 a      2045     0   171     1     5
 -4.9675550002270619E+00 a      2046     0   171     1     6
  6.7307704926353207E+00 a      2047     0   171     1     7
  3.7527081763569226E+00 a      2048     0   171     1     8
 -8.4150058152140925E+00 a      2049     0   171     1     9
 -3.9844342236280941E+00 a      2050     0   171     1    10
 -1.6910280956757578E-01 a      2051     0   171     1    11
  1.0034227334808701E+00 a      2052     0   171     1    12
 -1.2434730684433954E+00 a      2053     0   172     1     1
  2.7390395370082201E+00 a      2054     0   172     1     2
  8.3647489377957229E-01 a      2055     0   172     1     3
 -1.7974745852917586E+00 a      2056     0   172     1     4
  2.0762241049946259E-01 a      2057     0   172     1     5
 -7.2427078868731787E+00 a      2058     0   172     1     6
  1.2175278128960256E+00 a      2059     0   172     1     7
 -9.9119586502978074E-01 a      2060     0   172     1     8
 -9.7565894294881306E-01 a      2061     0   172     1     9
  2.7886022851647968E-01 a      2062     0   172     1    10
  5.2265917512157207E+00 a      2063     0   172     1    11
  1.2934302610034889E+00 a      2064     0   172     1    12
 -1.3581422900769615E+00 a      2065     0   173     1     1
  2.8466863506490498E+00 a      2066     0   173     1     2
  7.2608705435508614E-01 a      2067     0   173     1     3
 -1.9488024066905383E+00 a      2068     0   173     1     4
  3.7469644572319766E-01 a      2069     0   173     1     5
 -7.2916516936980607E+00 a      2070     0   173     1     6
  1.1550428891658913E+00 a      2071     0   173     1     7
 -8.6827340750421178E-01 a      2072     0   173     1     8
 -9.4277117412009659E-01 a      2073     0   173     1     9
  5.0671560525974942E-02 a      2074     0   173     1    10
  5.4737932551932742E+00 a      2075     0   173     1    11
  1.2150836039457669E+00 a      2076     0   173     1    12
  4.2229695359619068E+00 a      2077     0   174     1     1
  1.2582955815131436E+01 a      2078     0   174     1     2
 -4.2919863017834379E+00 a      2079     0   174     1     3
 -4.1628950166687551E+00 a      2080     0   174     1     4
 -9.1676525385427059E+00 a      2081     0   174     1     5
  5.6299958288597818E+00 a      2082     0   174     1     6
 -3.0410347953734576E+00 a      2083     0   174     1     7
 -6.9097265677889919E+00 a      2084     0   174     1     8
  7.6966317690054673E+00 a      2085     0   174     1     9
  7.4447124435355914E+00 a      2086     0   174     1    10
 -2.9637524497731933E+00 a      2087     0   174     1    11
 -3.2119047134668088E-01 a      2088     0   174     1    12
  2.1558993437655527E+00 a      2089     0   175     1     1
 -3.0691705864518046E+00 a      2090     0   175     1     2
 -2.6317168055704925E+00 a      2091     0   175     1     3
  1.5254470081030775E+00 a      2092     0   175     1     4
  8.4404564895507087E-02 a      2093     0   175     1     5
 -8.9609370665445383E+00 a      2094     0   175     1     6
 -1.3271193029096331E+00 a      2095     0   175     1     7
 -5.6516150901065015E-02 a      2096     0   175     1     8
  2.3552084249175733E+00 a      2097     0   175     1     9
 -6.8116828822826214E+00 a      2098     0   175     1    10
  7.4216056245965034E-01 a      2099     0   175     1    11
 -8.9397076444816015E-01 a      2100     0   175     1    12
  2.4549724072372241E+00 a      2101     0   176     1     1
 -3.0440244503570595E+00 a      2102     0   176     1     2
 -2.7976691724954668E+00 a      2103     0   176     1     3
  1.4597639912833764E+00 a      2104     0   176     1     4
  1.3507207770010632E-01 a      2105     0   176     1     5
 -8.9192942338220060E+00 a      2106     0   176     1     6
 -1.2122157757545768E+00 a      2107     0   176     1     7
  6.6530780337394291E-02 a      2108     0   176     1     8
  2.4497070354517589E+00 a      2109     0   176     1     9
 -6.7197752166590030E+00 a      2110     0   176     1    10
  1.0317358607522746E+00 a      2111     0   176     1    11
 -6.8154593704157851E-01 a      2112     0   176     1    12
  1.1201387676095946E+00 a      2113     0   177     1     1
  9.5230736568218052E-02 a      2114     0   177     1     2
 -2.1202283075627357E+00 a      2115     0   177     1     3
 -2.6348591346494059E+00 a      2116     0   177     1     4
  1.0465522544740604E+00 a      2117     0   177     1     5
  2.2558977673683835E+00 a      2118     0   177     1     6
  3.1341244143135999E-01 a      2119     0   177     1     7
  1.7038635962742843E-01 a      2120     0   177     1     8
  1.8147623353049660E+00 a      2121     0   177     1     9
 -3.6210117270128506E-01 a      2122     0   177     1    10
  7.9570033872120682E-01 a      2123     0   177     1    11
 -5.3436042177426646E-01 a      2124     0   177     1    12
  7.1621232206524055E-01 a      2125     0   178     1     1
  5.5563062192154448E-02 a      2126     0   178     1     2
 -5.3195275641075968E-01 a      2127     0   178     1     3
  1.1758763044358000E+00 a      2128     0   178     1     4
  5.2038081543914871E-01 a      2129     0   178     1     5
  2.2615118438895538E+00 a      2130     0   178     1     6
 -1.4292714744800972E-01 a      2131     0   178     1     7
  6.4256892425672474E-01 a      2132     0   178     1     8
  3.3647013471435994E-01 a      2133     0   178     1     9
 -8.6393934520491578E-01 a      2134     0   178     1    10
 -1.2633610928206109E+00 a      2135     0   178     1    11
  2.4201276053818724E-01 a      2136     0   178     1    12
  9.7448071602911657E-01 a      2137     0   179     1     1
 -6.7386632308997010E-03 a      2138     0   179     1     2
 -4.8378752786296364E-01 a      2139     0   179     1     3
  1.0423719158287770E+00 a      2140     0   179     1     4
  5.9006124990069353E-01 a      2141     0   179     1     5
  2.1679935531155681E+00 a      2142     0   179     1     6
 -1.0927803389315389E-01 a      2143     0   179     1     7
  5.3418503975800480E-01 a      2144     0   179     1     8
  4.9655077081334870E-01 a      2145     0   179     1     9
 -7.1084977861606946E-01 a      2146     0   179     1    10
 -1.2232807939753867E+00 a      2147     0   179     1    11
  3.3751455448018625E-01 a      2148     0   179     1    12
 -1.2657616479470324E+00 a      2149     0   180     1     1
 -1.8694943389673753E+00 a      2150     0   180     1     2
  5.4747803740143102E+00 a      2151     0   180     1     3
 -9.8122995916942812E-01 a      2152     0   180     1     4
 -2.0029732468610146E+00 a      2153     0   180     1     5
 -2.9129729911147173E+01 a      2154     0   180     1     6
  3.1873320145507922E+00 a      2155     0   180     1     7
  3.2249903685931511E+00 a      2156     0   180     1     8
  4.3425000962740397E+00 a      2157     0   180     1     9
 -1.9641645223401010E+00 a      2158     0   180     1    10
 -1.8352351524866066E+00 a      2159     0   180     1    11
  3.2932455878491971E+00 a      2160     0   180     1    12
 -1.5494825978316331E+00 a      2161     0   181     1     1
 -2.8402461194508737E+00 a      2162     0   181     1     2
  4.5929889938422225E-01 a      2163     0   181     1     3
  2.9592556225220332E+00 a      2164     0   181     1     4
 -1.3121947212419247E+00 a      2165     0   181     1     5
  9.4171287949017408E+00 a      2166     0   181     1     6
 -1.1926675222289198E+00 a      2167     0   181     1     7
 -2.4988955174788405E-01 a      2168     0   181     1     8
  5.8161355065178650E+00 a      2169     0   181     1     9
  3.6477894590770660E-01 a      2170     0   181     1    10
 -7.4856756750204898E+00 a      2171     0   181     1    11
  2.6782688669411283E+00 a      2172     0   181     1    12
 -1.6166160876772706E+00 a      2173     0   182     1     1
 -2.8543513655350958E+00 a      2174     0   182     1     2
  4.9640768377550293E-01 a      2175     0   182     1     3
  3.1486961347740716E+00 a      2176     0   182     1     4
 -1.3981364661982936E+00 a      2177     0   182     1     5
  9.5874900189016881E+00 a      2178     0   182     1     6
 -1.2963002673474719E+00 a      2179     0   182     1     7
 -1.6170354029238929E-01 a      2180     0   182     1     8
  5.5987504684009313E+00 a      2181     0   182     1     9
  3.0055314370737229E-01 a      2182     0   182     1    10
 -7.6753289536110572E+00 a      2183     0   182     1    11
  2.7497054150457765E+00 a      2184     0   182     1    12
 -4.7127295456892114E-02 a      2185     0   183     1     1
 -1.2276610507684818E-02 a      2186     0   183     1     2
  1.2639504266152823E+00 a      2187     0   183     1     3
  4.7727698600230301E-01 a      2188     0   183     1     4
 -2.5070711660965161E-01 a      2189     0   183     1     5
 -6.2401375086620603E-01 a      2190     0   183     1     6
 -5.9090305511705343E-01 a      2191     0   183     1     7
 -2.8981437513555919E-01 a      2192     0   183     1     8
 -2.4810908577211294E-01 a      2193     0   183     1     9
  3.0551550356151480E-01 a      2194     0   183     1    10
 -2.8469651386344785E-01 a      2195     0   183     1    11
 -5.3864928732397399E-01 a      2196     0   183     1    12
 -8.9003841752696725E-02 a      2197     0   184     1     1
  1.0375118346765667E-01 a      2198     0   184     1     2
  7.0926474446493626E-01 a      2199     0   184     1     3
 -3.5910317386116064E-01 a      2200     0   184     1     4
  2.6361100303368312E-01 a      2201     0   184     1     5
  5.3709459394588504E-03 a      2202     0   184     1     6
  5.1966064678454238E-01 a      2203     0   184     1     7
  7.1061863603604072E-02 a      2204     0   184     1     8
  3.5934304103361746E-03 a      2205     0   184     1     9
  2.9725668869853589E-01 a      2206     0   184     1    10
  8.6468691260900593E-02 a      2207     0   184     1    11
  5.7239501075509414E-01 a      2208     0   184     1    12
 -1.4268902413799101E-01 a      2209     0   185     1     1
  6.2075784731384524E-02 a      2210     0   185     1     2
  7.8684197619317120E-01 a      2211     0   185     1     3
 -3.4129458324729733E-01 a      2212     0   185     1     4
  6.8174476439376089E-02 a      2213     0   185     1     5
  5.6290970975290462E-02 a      2214     0   185     1     6
  4.0239516278085369E-01 a      2215     0   185     1     7
 -1.7397395291460860E-01 a      2216     0   185     1     8
 -7.3827727418833131E-02 a      2217     0   185     1     9
  1.3990009473337128E-01 a      2218     0   185     1    10
 -4.6863704094428811E-02 a      2219     0   185     1    11
  5.6598537995664910E-01 a      2220     0   185     1    12
  6.3082028939122714E-01 a      2221     0   186     1     1
  3.5774543912155887E-01 a      2222     0   186     1     2
  1.9345420526032939E+00 a      2223     0   186     1     3
  6.8087107484769094E-01 a      2224     0   186     1     4
  1.6056562164382975E+00 a      2225     0   186     1     5
  2.4385434017520145E+00 a      2226     0   186     1     6
  1.8415473439853665E+00 a      2227     0   186     1     7
 -7.8371940819803521E-01 a      2228     0   186     1     8
 -1.8171040589349441E+00 a      2229     0   186     1     9
 -1.0355453451919926E-01 a      2230     0   186     1    10
 -6.4864829847637706E-01 a      2231     0   186     1    11
 -1.4364619692893832E+00 a      2232     0   186     1    12
  8.5155660695876167E-01 a      2233     0   187     1     1
  1.1080541650648252E+00 a      2234     0   187     1     2
 -8.9656822032188832E-01 a      2235     0   187     1     3
 -3.8955840252995622E-01 a      2236     0   187     1     4
  6.0743054940293451E-01 a      2237     0   187     1     5
 -2.9920245386829563E+00 a      2238     0   187     1     6
  2.6835219005819453E+00 a      2239     0   187     1     7
  6.2930601248917406E-01 a      2240     0   187     1     8
 -1.1274836913097892E+00 a      2241     0   187     1     9
  4.1810707651953449E-01 a      2242     0   187     1    10
  5.1432959986981375E-01 a      2243     0   187     1    11
 -1.5139972570134954E+00 a      2244     0   187     1    12
  7.8936448400811565E-01 a      2245     0   188     1     1
  9.1507270157562282E-01 a      2246     0   188     1     2
 -7.1147738586966458E-01 a      2247     0   188     1     3
 -5.3076522491261657E-01 a      2248     0   188     1     4
  5.1286280221265790E-01 a      2249     0   188     1     5
 -2.9621396178223400E+00 a      2250     0   188     1     6
  2.6744194210643064E+00 a      2251     0   188     1     7
  6.0367175834805997E-01 a      2252     0   188     1     8
 -1.1098555557753138E+00 a      2253     0   188     1     9
  4.3700218989885264E-01 a      2254     0   188     1    10
  3.2310415985629171E-01 a      2255     0   188     1    11
 -1.5405162255739555E+00 a      2256     0   188     1    12
 -4.3306545825112019E+00 a      2257     0   189     1     1
  9.4507875138685939E+00 a      2258     0   189     1     2
  3.1465425508313158E+00 a      2259     0   189     1     3
 -2.7836185152338105E-01 a      2260     0   189     1     4
 -3.3971092501155944E+00 a      2261     0   189     1     5
 -1.0788126427194380E+01 a      2262     0   189     1     6
  1.3339337458933149E+00 a      2263     0   189     1     7
  3.9637132281336425E+00 a      2264     0   189     1     8
 -1.1466244417502314E+00 a      2265     0   189     1     9
  5.0618090360259247E+00 a      2266     0   189     1    10
  2.6898373290305670E+00 a      2267     0   189     1    11
 -2.0755484584655539E+00 a      2268     0   189     1    12
 -4.4227972374305153E+00 a      2269     0   190     1     1
  7.3601585257621249E-01 a      2270     0   190     1     2
 -1.5077146330022704E+00 a      2271     0   190     1     3
 -4.1172616107630722E-01 a      2272     0   190     1     4
 -1.1487350432960119E+00 a      2273     0   190     1     5
 -6.0691179405715934E+00 a      2274     0   190     1     6
 -2.7268517621756083E-01 a      2275     0   190     1     7
  4.5656469368404018E+00 a      2276     0   190     1     8
 -1.9064837731191266E+00 a      2277     0   190     1     9
 -6.2205136396018865E+00 a      2278     0   190     1    10
  3.6222752788782349E+00 a      2279     0   190     1    11
 -3.5016420064700440E+00 a      2280     0   190     1    12
 -4.2955476274710627E+00 a      2281     0   191     1     1
  9.3430672019160332E-01 a      2282     0   191     1     2
 -1.5124258146316472E+00 a      2283     0   191     1     3
 -5.6725564983091903E-01 a      2284     0   191     1     4
 -1.3571865857932186E+00 a      2285     0   191     1     5
 -6.0950951585265356E+00 a      2286     0   191     1     6
 -1.5122405865401417E-01 a      2287     0   191     1     7
  4.7301420515225825E+00 a      2288     0   191     1     8
 -1.7410294930904484E+00 a      2289     0   191     1     9
 -6.2635864777215744E+00 a      2290     0   191     1    10
  3.5756308310811948E+00 a      2291     0   191     1    11
 -3.2703103308001511E+00 a      2292     0   191     1    12
 -6.1479321384557872E-01 a      2293     0   192     1     1
  4.7841267377472976E+00 a      2294     0   192     1     2
  2.4359130205244900E-01 a      2295     0   192     1     3
 -2.7319276653432423E-01 a      2296     0   192     1     4
 -2.1984527819539799E+00 a      2297     0   192     1     5
 -7.7393642754664889E+00 a      2298     0   192     1     6
  7.0142522719027349E+00 a      2299     0   192     1     7
  2.7722243303392267E+00 a      2300     0   192     1     8
  5.5637044957493451E+00 a      2301     0   192     1     9
  4.1832049229084216E+00 a      2302     0   192     1    10
  1.2684336088807371E-01 a      2303     0   192     1    11
 -1.9033792370419318E+00 a      2304     0   192     1    12
 -6.9001018240412870E-01 a      2305     0   193     1     1
 -5.6077425913027279E-01 a      2306     0   193     1     2
 -2.7570322717141500E+00 a      2307     0   193     1     3
  5.6143512548242356E+00 a      2308     0   193     1     4
  5.0865060132793705E-01 a      2309     0   193     1     5
  4.5207957911966394E+00 a      2310     0   193     1     6
  1.3897594559302469E+00 a      2311     0   193     1     7
  1.9768854801197329E+00 a      2312     0   193     1     8
  2.9666832515171748E+00 a      2313     0   193     1     9
 -2.4241251756053486E+00 a      2314     0   193     1    10
 -2.6620894944351856E+00 a      2315     0   193     1    11
 -2.2395394774389974E+00 a      2316     0   193     1    12
 -4.9801618306311429E-01 a      2317     0   194     1     1
 -4.5855692030623774E-01 a      2318     0   194     1     2
 -2.8489873671947117E+00 a      2319     0   194     1     3
  5.4377368553096357E+00 a      2320     0   194     1     4
  4.5649815901242802E-01 a      2321     0   194     1     5
  4.5186637190790924E+00 a      2322     0   194     1     6
  1.3700372558827101E+00 a      2323     0   194     1     7
  2.0127307127284189E+00 a      2324     0   194     1     8
  3.0425791832451416E+00 a      2325     0   194     1     9
 -2.3283399269169229E+00 a      2326     0   194     1    10
 -2.4988678208589601E+00 a      2327     0   194     1    11
 -2.2077056048138308E+00 a      2328     0   194     1    12
 -1.0531386989199505E+00 a      2329     0   195     1     1
 -8.2260132927879130E+00 a      2330     0   195     1     2
 -3.0857533642293808E+00 a      2331     0   195     1     3
  4.3210270665155308E+00 a      2332     0   195     1     4
  6.1328146564128891E+00 a      2333     0   195     1     5
  7.3774372896812626E+00 a      2334     0   195     1     6
 -7.3569736734874391E+00 a      2335     0   195     1     7
 -9.1420544457318986E-01 a      2336     0   195     1     8
 -7.4214146196978108E+00 a      2337     0   195     1     9
 -8.6466240151243454E+00 a      2338     0   195     1    10
 -7.0412063132115654E-01 a      2339     0   195     1    11
 -3.9119416942780671E-01 a      2340     0   195     1    12
  2.0247492719177451E+00 a      2341     0   196     1     1
  1.1884871803351618E+00 a      2342     0   196     1     2
  3.7739566184375523E-01 a      2343     0   196     1     3
 -6.8860505181110234E+00 a      2344     0   196     1     4
  3.1943794820778164E+00 a      2345     0   196     1     5
 -5.7713529422641763E+00 a      2346     0   196     1     6
  1.2467061301331026E+00 a      2347     0   196     1     7
 -4.6067653857170319E+00 a      2348     0   196     1     8
 -9.1282669912618131E-01 a      2349     0   196     1     9
  4.4553938945253311E+00 a      2350     0   196     1    10
  4.5790158759281203E+00 a      2351     0   196     1    11
  4.4472810328165764E+00 a      2352     0   196     1    12
  1.7702105549378730E+00 a      2353     0   197     1     1
  1.0975123995621856E+00 a      2354     0   197     1     2
  4.4571541409366178E-01 a      2355     0   197     1     3
 -6.7156543228215471E+00 a      2356     0   197     1     4
  3.2072765333535735E+00 a      2357     0   197     1     5
 -5.8185091295886062E+00 a      2358     0   197     1     6
  1.1907120342093258E+00 a      2359     0   197     1     7
 -4.6342253132749853E+00 a      2360     0   197     1     8
 -1.1227497893472136E+00 a      2361     0   197     1     9
  4.5138242292714974E+00 a      2362     0   197     1    10
  4.6722450804127700E+00 a      2363     0   197     1    11
  4.6749893074615656E+00 a      2364     0   197     1    12
  1.1295974121438801E+00 a      2365     0   198     1     1
 -8.2247423736401137E-01 a      2366     0   198     1     2
 -2.3133567112068030E+00 a      2367     0   198     1     3
  7.3382421329097236E-01 a      2368     0   198     1     4
  2.7621153960541461E-01 a      2369     0   198     1     5
 -3.0153973836169254E+00 a      2370     0   198     1     6
  6.7065281069321108E+00 a      2371     0   198     1     7
  1.0881781624991929E+00 a      2372     0   198     1     8
  6.0730316771473811E+00 a      2373     0   198     1     9
  9.4394030602421652E-01 a      2374     0   198     1    10
 -1.6224054807207753E+00 a      2375     0   198     1    11
 -1.4577510525651711E+00 a      2376     0   198     1    12
  1.5899542674614999E+00 a      2377     0   199     1     1
 -9.1840892642715777E-01 a      2378     0   199     1     2
 -2.6934674205821652E+00 a      2379     0   199     1     3
  6.0189058668419708E+00 a      2380     0   199     1     4
  1.9607060981752145E+00 a      2381     0   199     1     5
  7.2770987871870867E+00 a      2382     0   199     1     6
  2.0698838720246373E+00 a      2383     0   199     1     7
 -7.9226460020980916E-01 a      2384     0   199     1     8
  4.4177710916009145E+00 a      2385     0   199     1     9
  1.0798993386708871E+00 a      2386     0   199     1    10
 -3.8939668375902419E+00 a      2387     0   199     1    11
 -4.1866563782074018E-01 a      2388     0   199     1    12
  1.8161703953112518E+00 a      2389     0   200     1     1
 -8.0195510667119108E-01 a      2390     0   200     1     2
 -2.6598898066915191E+00 a      2391     0   200     1     3
  5.8467816042850531E+00 a      2392     0   200     1     4
  1.8162284906357304E+00 a      2393     0   200     1     5
  7.3034820549636876E+00 a      2394     0   200     1     6
  2.0761573435010332E+00 a      2395     0   200     1     7
 -6.1545220040691972E-01 a      2396     0   200     1     8
  4.3200543587655567E+00 a      2397     0   200     1     9
  1.1032904529130907E+00 a      2398     0   200     1    10
 -3.9027528309784096E+00 a      2399     0   200     1    11
 -3.9565376873026203E-01 a      2400     0   200     1    12
  1.8875284696309507E+00 a      2401     0   201     1     1
 -1.2806815947345869E+00 a      2402     0   201     1     2
 -7.9497801244499984E+00 a      2403     0   201     1     3
 -3.8401657964172489E+00 a      2404     0   201     1     4
 -1.9990123043768255E+00 a      2405     0   201     1     5
  3.7545123143942050E+00 a      2406     0   201     1     6
  3.2383610029345089E+00 a      2407     0   201     1     7
 -3.6708423653952837E+00 a      2408     0   201     1     8
  6.8697599518098000E+00 a      2409     0   201     1     9
  4.8261369755898071E+00 a      2410     0   201     1    10
  2.0751143237199194E+00 a      2411     0   201     1    11
  3.8065763204488490E+00 a      2412     0   201     1    12
 -1.7977526980982825E-01 a      2413     0   202     1     1
 -1.3622456676995101E+00 a      2414     0   202     1     2
 -1.4463182537141495E+00 a      2415     0   202     1     3
  4.6094649343099166E+00 a      2416     0   202     1     4
 -2.1394401374198262E+00 a      2417     0   202     1     5
  1.1663365176111704E+01 a      2418     0   202     1     6
  8.2041371332159974E-01 a      2419     0   202     1     7
 -4.9723289283839300E-01 a      2420     0   202     1     8
  1.6860357469588941E-01 a      2421     0   202     1     9
 -9.0063481212187102E-01 a      2422     0   202     1    10
 -4.8931097235354661E+00 a      2423     0   202     1    11
 -5.7165044872819981E-01 a      2424     0   202     1    12
 -1.0467469517453452E-01 a      2425     0   203     1     1
 -1.4414691330809088E+00 a      2426     0   203     1     2
 -1.3955683703016166E+00 a      2427     0   203     1     3
  4.4115676660682777E+00 a      2428     0   203     1     4
 -2.1863353606416775E+00 a      2429     0   203     1     5
  1.1795390330265095E+01 a      2430     0   203     1     6
  6.4244675673776586E-01 a      2431     0   203     1     7
 -6.2087242129940279E-01 a      2432     0   203     1     8
  1.3231219885048731E-01 a      2433     0   203     1     9
 -9.6887110965111967E-01 a      2434     0   203     1    10
 -4.8191658589378887E+00 a      2435     0   203     1    11
 -8.5714192895014285E-01 a      2436     0   203     1    12
  1.4319971776869755E+00 a      2437     0   204     1     1
 -8.7947118523239300E+00 a      2438     0   204     1     2
 -7.5063753580258803E+00 a      2439     0   204     1     3
  3.0444177226127405E+00 a      2440     0   204     1     4
  6.5478054126597565E+00 a      2441     0   204     1     5
  1.2144386301014478E+01 a      2442     0   204     1     6
  9.4293990717419479E-02 a      2443     0   204     1     7
 -2.3667974049311638E+00 a      2444     0   204     1     8
  2.7557246807066309E+00 a      2445     0   204     1     9
 -7.6851705023963550E+00 a      2446     0   204     1    10
 -2.3464727297199142E+00 a      2447     0   204     1    11
 -1.4194748554246126E+00 a      2448     0   204     1    12
  3.4652412737100162E+00 a      2449     0   205     1     1
 -2.0345394285586069E+00 a      2450     0   205     1     2
 -1.0237915642952249E+00 a      2451     0   205     1     3
  1.8039570397932960E+00 a      2452     0   205     1     4
  3.1238870338404854E+00 a      2453     0   205     1     5
  8.2152806113475876E+00 a      2454     0   205     1     6
  4.0789507043729287E+00 a      2455     0   205     1     7
 -8.0834328252912009E+00 a      2456     0   205     1     8
  2.3819560084793365E+00 a      2457     0   205     1     9
  7.1645997410171764E+00 a      2458     0   205     1    10
 -6.0493027352347362E+00 a      2459     0   205     1    11
  3.4822671540176073E+00 a      2460     0   205     1    12
  3.2630212372390792E+00 a      2461     0   206     1     1
 -2.0855612537827088E+00 a      2462     0   206     1     2
 -1.0625878436724345E+00 a      2463     0   206     1     3
  1.5670870893278435E+00 a      2464     0   206     1     4
  3.3872636935615366E+00 a      2465     0   206     1     5
  8.3793666908612572E+00 a      2466     0   206     1     6
  4.1853698480839077E+00 a      2467     0   206     1     7
 -7.9923554346484096E+00 a      2468     0   206     1     8
  2.4568809787171046E+00 a      2469     0   206     1     9
  6.9096404653948928E+00 a      2470     0   206     1    10
 -5.8394246091053983E+00 a      2471     0   206     1    11
  3.4950545857291235E+00 a      2472     0   206     1    12
 -8.4685610755473095E-01 a      2473     0   207     1     1
  8.8531397514900656E-01 a      2474     0   207     1     2
  3.3939119162384164E+00 a      2475     0   207     1     3
  2.7352914381683466E+00 a      2476     0   207     1     4
 -1.8093448655245065E-01 a      2477     0   207     1     5
 -4.2244570851007861E+00 a      2478     0   207     1     6
 -3.2402860230589177E+00 a      2479     0   207     1     7
  2.6974282676897252E-02 a      2480     0   207     1     8
 -1.6553756967148410E+00 a      2481     0   207     1     9
  2.8404182912369312E-02 a      2482     0   207     1    10
 -9.1844713419175628E-01 a      2483     0   207     1    11
 -2.3633464877521830E+00 a      2484     0   207     1    12
 -6.5573491551550900E-01 a      2485     0   208     1     1
  2.8759451199011477E-01 a      2486     0   208     1     2
  5.4276369180920832E-02 a      2487     0   208     1     3
 -2.1116984175458415E+00 a      2488     0   208     1     4
  4.3592112678438176E-02 a      2489     0   208     1     5
 -4.5877745812597093E+00 a      2490     0   208     1     6
 -5.4107373028421157E-01 a      2491     0   208     1     7
  1.8802279498512062E-01 a      2492     0   208     1     8
 -2.3400595997451409E-02 a      2493     0   208     1     9
  4.7962002600416570E-01 a      2494     0   208     1    10
  1.5883015447081044E+00 a      2495     0   208     1    11
 -1.0395417501499531E+00 a      2496     0   208     1    12
 -6.0319456745684996E-01 a      2497     0   209     1     1
  1.5893676993699715E-01 a      2498     0   209     1     2
  1.2249870797533718E-01 a      2499     0   209     1     3
 -1.9426126263635974E+00 a      2500     0   209     1     4
 -2.7348623538330064E-02 a      2501     0   209     1     5
 -4.5243104916290022E+00 a      2502     0   209     1     6
 -3.8145623159927955E-01 a      2503     0   209     1     7
 -8.0562238989807869E-02 a      2504     0   209     1     8
 -6.6769012611183093E-02 a      2505     0   209     1     9
  5.6892406425973341E-01 a      2506     0   209     1    10
  1.5543768788480987E+00 a      2507     0   209     1    11
 -9.3879431810228686E-01 a      2508     0   209     1    12
 -3.3421921941544137E+00 a      2509     0   210     1     1
  3.9959685545452546E+00 a      2510     0   210     1     2
  1.4272120577505754E+00 a      2511     0   210     1     3
 -3.3105392950185148E+00 a      2512     0   210     1     4
 -5.6872246387413727E-01 a      2513     0   210     1     5
  1.5330697878145326E+01 a      2514     0   210     1     6
 -2.6018331196389393E+00 a      2515     0   210     1     7
  3.2422799579365780E+00 a      2516     0   210     1     8
 -1.0858499942036454E+01 a      2517     0   210     1     9
  7.1987800089375602E+00 a      2518     0   210     1    10
  5.9157514217103147E-01 a      2519     0   210     1    11
 -7.3806766246523547E-01 a      2520     0   210     1    12
 -3.5613005728489742E+00 a      2521     0   211     1     1
  3.4391714862373561E+00 a      2522     0   211     1     2
  6.0682272271261182E+00 a      2523     0   211     1     3
 -1.0946890280364380E+01 a      2524     0   211     1     4
 -2.3436529667253301E+00 a      2525     0   211     1     5
 -8.7204379954993598E+00 a      2526     0   211     1     6
  1.1253010183700585E-01 a      2527     0   211     1     7
  6.9359252060835193E+00 a      2528     0   211     1     8
 -8.4982756243791187E+00 a      2529     0   211     1     9
 -2.7991926614955320E-01 a      2530     0   211     1    10
  7.8489326163836610E+00 a      2531     0   211     1    11
 -4.0492790928698899E+00 a      2532     0   211     1    12
 -3.4637956414406514E+00 a      2533     0   212     1     1
  3.6218337715586930E+00 a      2534     0   212     1     2
  5.9925907222334631E+00 a      2535     0   212     1     3
 -1.1094623191421551E+01 a      2536     0   212     1     4
 -2.2024275260159638E+00 a      2537     0   212     1     5
 -8.7591270086989983E+00 a      2538     0   212     1     6
  2.1286946768488421E-01 a      2539     0   212     1     7
  7.1150213392628192E+00 a      2540     0   212     1     8
 -8.4974176096270000E+00 a      2541     0   212     1     9
 -4.9057752278869521E-01 a      2542     0   212     1    10
  7.7702344470573772E+00 a      2543     0   212     1    11
 -4.1539424824810025E+00 a      2544     0   212     1    12
 -1.5171256114380810E-02 a      2545     0   213     1     1
 -1.0271040191257103E-01 a      2546     0   213     1     2
 -2.2015026456882518E+00 a      2547     0   213     1     3
 -8.5916859780303068E-01 a      2548     0   213     1     4
  2.2439356637859095E-01 a      2549     0   213     1     5
  9.1398603982863191E-01 a      2550     0   213     1     6
  1.2953731528939585E+00 a      2551     0   213     1     7
  5.4619234559988949E-01 a      2552     0   213     1     8
  2.4353984390135675E-01 a      2553     0   213     1     9
 -3.5475907963176384E-01 a      2554     0   213     1    10
  3.2049391364328866E-01 a      2555     0   213     1    11
  8.9310164518366597E-01 a      2556     0   213     1    12
  2.6736218171266753E-02 a      2557     0   214     1     1
 -1.1403341331465668E-01 a      2558     0   214     1     2
 -1.0117601703092924E+00 a      2559     0   214     1     3
  5.8210383078498462E-01 a      2560     0   214     1     4
  5.7525484573604175E-03 a      2561     0   214     1     5
  2.7730758985774701E-01 a      2562     0   214     1     6
 -4.2531185699816060E-01 a      2563     0   214     1     7
  2.1729177486596776E-01 a      2564     0   214     1     8
  4.5654167752070278E-05 a      2565     0   214     1     9
 -1.0671321970588593E-01 a      2566     0   214     1    10
  8.6908293687038479E-02 a      2567     0   214     1    11
 -6.6352485861237753E-01 a      2568     0   214     1    12
  1.7420628987619943E-01 a      2569     0   215     1     1
  4.6679056080007490E-02 a      2570     0   215     1     2
 -9.0351887089903438E-01 a      2571     0   215     1     3
  5.5381863698084088E-01 a      2572     0   215     1     4
 -6.9233196735830047E-02 a      2573     0   215     1     5
  2.1252902553472941E-01 a      2574     0   215     1     6
 -6.5327715614375337E-01 a      2575     0   215     1     7
 -3.1731140064179104E-02 a      2576     0   215     1     8
  2.7287005284000049E-02 a      2577     0   215     1     9
 -2.8680342057119446E-01 a      2578     0   215     1    10
 -1.3007747892374358E-01 a      2579     0   215     1    11
 -5.4053011971426868E-01 a      2580     0   215     1    12
 -2.7842727445740966E-02 a      2581     0   216     1     1
 -1.0455750050735884E+00 a      2582     0   216     1     2
 -2.1957999306947351E+00 a      2583     0   216     1     3
  4.0920836665480201E-02 a      2584     0   216     1     4
 -9.2655962804109959E-01 a      2585     0   216     1     5
 -2.4169730146333839E+00 a      2586     0   216     1     6
 -2.9147500513228937E+00 a      2587     0   216     1     7
 -1.2053971905795167E-01 a      2588     0   216     1     8
  3.0545925243403191E+00 a      2589     0   216     1     9
 -1.1103083998843242E+00 a      2590     0   216     1    10
  1.1454207971120414E+00 a      2591     0   216     1    11
  1.3051785348491314E+00 a      2592     0   216     1    12
 -2.2265709719572768E-01 a      2593     0   217     1     1
 -1.4489530714350201E+00 a      2594     0   217     1     2
 -1.8929257998526408E+00 a      2595     0   217     1     3
  2.6727544013192617E+00 a      2596     0   217     1     4
 -5.6230786690666917E-02 a      2597     0   217     1     5
  2.9031080103123830E+00 a      2598     0   217     1     6
 -4.3004828710251184E+00 a      2599     0   217     1     7
 -1.3578288373837075E+00 a      2600     0   217     1     8
  1.4778533759719985E+00 a      2601     0   217     1     9
 -5.6500684366754106E-01 a      2602     0   217     1    10
 -7.1037803208765804E-01 a      2603     0   217     1    11
  2.2135855048173503E+00 a      2604     0   217     1    12
 -3.9690307509998796E-01 a      2605     0   218     1     1
 -1.3694237738737054E+00 a      2606     0   218     1     2
 -2.0777384311888869E+00 a      2607     0   218     1     3
  2.8661139169928087E+00 a      2608     0   218     1     4
 -3.5022658853594790E-01 a      2609     0   218     1     5
  2.7310115364377996E+00 a      2610     0   218     1     6
 -4.3853387138417341E+00 a      2611     0   218     1     7
 -1.3474587908244746E+00 a      2612     0   218     1     8
  1.3505653516783391E+00 a      2613     0   218     1     9
 -6.0658980504578952E-01 a      2614     0   218     1    10
 -6.1600417952813180E-01 a      2615     0   218     1    11
  2.1136683063295139E+00 a      2616     0   218     1    12
 -1.4772699679974427E-01 b      2617     1     1
 -1.0084068286084709E+00 b      2618     1     2
 -5.4919103018943138E+00 b      2619     1     3
 -2.1430873458650033E+00 b      2620     1     4
 -1.5077315175279018E+00 b      2621     1     5
 -9.5924313679223583E-01 b      2622     1     6
 -3.6011062649249008E+00 b      2623     1     7
  4.0838985433927477E-01 b      2624     1     8
  6.2858458271767659E-01 b      2625     1     9
  3.9721444389940053E+00 b      2626     1    10
  2.5228882424916871E-01 b      2627     1    11
  2.4516481865448672E+00 b      2628     1    12
  9.4479319085702118E-02 a      2629     1     1     2     1
 -4.5779130395672424E-01 a      2630     1     1     2     2
  6.0313753133380865E-01 a      2631     1     1     2     3
  1.7028944890718849E+00 a      2632     1     1     2     4
  3.3507210151934042E-01 a      2633     1     1     2     5
  4.8067925169053636E+00 a      2634     1     1     2     6
  4.7887001356643006E+00 a      2635     1     1     2     7
 -4.0621347989078488E-02 a      2636     1     1     2     8
  1.4631680465422441E+00 a      2637     1     1     2     9
 -7.9832020363170897E-01 a      2638     1     1     2    10
 -1.8480205341164089E+00 a      2639     1     1     2    11
 -6.2473655480375867E-01 a      2640     1     1     2    12
  1.0125793235836164E-01 a      2641     1     2     2     1
 -3.6641322977346907E-01 a      2642     1     2     2     2
 -1.3337404679256284E-01 a      2643     1     2     2     3
 -6.2610032504550983E-01 a      2644     1     2     2     4
 -2.4459298106617716E-01 a      2645     1     2     2     5
  5.4861377028319991E-01 a      2646     1     2     2     6
 -1.2758625881868482E-01 a      2647     1     2     2     7
  4.2020384076657935E-01 a      2648     1     2     2     8
  8.6641961372341078E-02 a      2649     1     2     2     9
 -4.2793649552366558E-01 a      2650     1     2     2    10
  7.8946697491996676E-03 a      2651     1     2     2    11
  2.0020582885777169E-01 a      2652     1     2     2    12
  5.7084300739287186E-01 a      2653     1     3     2     1
  6.7338434570657957E-01 a      2654     1     3     2     2
  2.0420762565182354E-01 a      2655     1     3     2     3
 -8.0540697269864139E-02 a      2656     1     3     2     4
  2.4909841050281455E-02 a      2657     1     3     2     5
 -1.5826160522259716E-01 a      2658     1     3     2     6
  3.0310930584667601E+00 a      2659     1     3     2     7
  2.0384251419329175E-01 a      2660     1     3     2     8
 -2.2263873196262549E-01 a      2661     1     3     2     9
  3.3902308103457390E-01 a      2662     1     3     2    10
  1.6766743973239703E-01 a      2663     1     3     2    11
 -1.6013638952308384E-01 a      2664     1     3     2    12
 -1.4714314035854092E-01 a      2665     1     4     2     1
 -2.4148199485878932E+00 a      2666     1     4     2     2
 -7.7316776624417138E-01 a      2667     1     4     2     3
  2.8416380825240101E-01 a      2668     1     4     2     4
 -1.1405521282899882E-01 a      2669     1     4     2     5
 -1.4177717295660752E+00 a      2670     1     4     2     6
  2.8412839224062486E-01 a      2671     1     4     2     7
 -1.1473536389686241E+00 a      2672     1     4     2     8
 -1.5832330967462549E-01 a      2673     1     4     2     9
 -8.8631225648489131E-01 a      2674     1     4     2    10
 -2.8932753514581383E-01 a      2675     1     4     2    11
 -1.3582282549267868E+00 a      2676     1     4     2    12
 -3.3611036386957360E-01 a      2677     1     5     2     1
  9.7705208034778934E-01 a      2678     1     5     2     2
 -2.5462734627749178E-01 a      2679     1     5     2     3
  6.1757155904774053E-01 a      2680     1     5     2     4
  3.8650303425579818E-01 a      2681     1     5     2     5
 -2.3994413972415099E-01 a      2682     1     5     2     6
  6.5029157192991377E-02 a      2683     1     5     2     7
 -1.7369554179465238E-01 a      2684     1     5     2     8
 -1.1868871431259012E+00 a      2685     1     5     2     9
  6.5900276355662368E-01 a      2686     1     5     2    10
  1.7113526081490877E+00 a      2687     1     5     2    11
 -9.3868068639170535E-02 a      2688     1     5     2    12
  2.6424677828740756E-01 a      2689     1     6     2     1
 -4.5117946528539726E-01 a      2690     1     6     2     2
  2.7397376162941250E-01 a      2691     1     6     2     3
 -4.2320455544356295E-01 a      2692     1     6     2     4
 -4.5686189081237938E-01 a      2693     1     6     2     5
  3.5194551955737913E-01 a      2694     1     6     2     6
 -3.1879996502641872E-01 a      2695     1     6     2     7
 -2.4922377059154058E-01 a      2696     1     6     2     8
 -7.8998552911267117E-02 a      2697     1     6     2     9
 -5.6458762369041782E-01 a      2698     1     6     2    10
  2.5342970981541115E-02 a      2699     1     6     2    11
 -9.4310989106882392E-01 a      2700     1     6     2    12
  4.2904499222553188E-01 a      2701     1     7     2     1
 -1.4461492761724867E-01 a      2702     1     7     2     2
  3.7116589700533886E-01 a      2703     1     7     2     3
 -3.9523220505715401E-01 a      2704     1     7     2     4
 -8.0643226850845873E-01 a      2705     1     7     2     5
 -6.0224894723289524E-01 a      2706     1     7     2     6
  1.5533885510521864E-01 a      2707     1     7     2     7
 -7.6933687561692199E-01 a      2708     1     7     2     8
 -3.0648792907449773E-01 a      2709     1     7     2     9
  1.6686284498320253E-01 a      2710     1     7     2    10
  6.0581051247330979E-02 a      2711     1     7     2    11
  5.7761759929099354E-01 a      2712     1     7     2    12
 -2.5506408090105470E-01 a      2713     1     8     2     1
  2.0963321596428228E-01 a      2714     1     8     2     2
  1.6205163092419775E-01 a      2715     1     8     2     3
 -3.3764953760334060E-01 a      2716     1     8     2     4
  1.2457093997000944E-01 a      2717     1     8     2     5
  1.5723023819420104E-01 a      2718     1     8     2     6
 -2.7112981390470581E-02 a      2719     1     8     2     7
  1.7000995065183686E-01 a      2720     1     8     2     8
  6.8810549091991324E-01 a      2721     1     8     2     9
  1.7004387752150515E-01 a      2722     1     8     2    10
 -9.0904413331015965E-01 a      2723     1     8     2    11
 -2.4798105543113641E-01 a      2724     1     8     2    12
 -3.1130122586946063E-01 a      2725     1     9     2     1
 -1.1016972556636155E+00 a      2726     1     9     2     2
 -9.2270324326472131E-01 a      2727     1     9     2     3
  1.8405355616474079E+00 a      2728     1     9     2     4
 -7.7392854068428019E-01 a      2729     1     9     2     5
 -3.3448180798547451E+00 a      2730     1     9     2     6
 -3.2773562203209918E+00 a      2731     1     9     2     7
  4.3299882066787815E-01 a      2732     1     9     2     8
  1.1912474319389599E+00 a      2733     1     9     2     9
 -5.0277165737379514E-01 a      2734     1     9     2    10
  1.2468815782325879E-01 a      2735     1     9     2    11
  9.6905798750288941E-01 a      2736     1     9     2    12
 -1.6992402606352522E-01 a      2737     1    10     2     1
 -1.1122892232068304E+00 a      2738     1    10     2     2
 -2.0335998425416135E+00 a      2739     1    10     2     3
 -6.3313025626617214E-01 a      2740     1    10     2     4
 -4.3379327407514197E+00 a      2741     1    10     2     5
  6.4814264456543631E+00 a      2742     1    10     2     6
 -5.3699101241651304E-01 a      2743     1    10     2     7
  2.5754676980972607E-01 a      2744     1    10     2     8
 -5.5051571887648343E-01 a      2745     1    10     2     9
  8.5459419792222011E+00 a      2746     1    10     2    10
 -1.4061449321932973E+00 a      2747     1    10     2    11
  1.4069241157273553E+00 a      2748     1    10     2    12
 -8.3239361007331969E-01 a      2749     1    11     2     1
  2.3039239779739148E-01 a      2750     1    11     2     2
  2.5812958665731589E+00 a      2751     1    11     2     3
  8.3712301225888142E-01 a      2752     1    11     2     4
 -4.4491933503374242E-02 a      2753     1    11     2     5
  1.5918346665362029E-01 a      2754     1    11     2     6
 -3.0477306889810828E-02 a      2755     1    11     2     7
 -2.7105519230510788E-01 a      2756     1    11     2     8
 -3.6017644386412931E-02 a      2757     1    11     2     9
  6.1823173379970664E-01 a      2758     1    11     2    10
  2.0007102832939808E-01 a      2759     1    11     2    11
 -2.3762693063435583E+00 a      2760     1    11     2    12
  4.2621109438310145E-01 a      2761     1    12     2     1
  1.3359418310740975E-01 a      2762     1    12     2     2
 -7.1249188955537979E-01 a      2763     1    12     2     3
 -3.2429337718587059E-01 a      2764     1    12     2     4
  2.1275689871898840E-01 a      2765     1    12     2     5
  1.9517213775450390E-01 a      2766     1    12     2     6
 -2.2285821520853652E-01 a      2767     1    12     2     7
  2.4806106444824022E-01 a      2768     1    12     2     8
 -9.1555738990625735E-01 a      2769     1    12     2     9
 -3.3449524255804892E-02 a      2770     1    12     2    10
  1.1754042069558726E+00 a      2771     1    12     2    11
  6.4480297521651431E-01 a      2772     1    12     2    12
 -4.9421942733786928E-01 b      2773     2     1
 -1.6531772092090927E-01 b      2774     2     2
  1.0380443328189524E+00 b      2775     2     3
  9.0425437974490863E-01 b      2776     2     4
  4.1050878041357226E+00 b      2777     2     5
  1.3759855044371301E+00 b      2778     2     6
 -5.1694330145063034E+00 b      2779     2     7
 -1.9791020648016899E+00 b      2780     2     8
 -1.5282200366590340E-01 b      2781     2     9
 -8.7313968043366437E+00 b      2782     2    10
  7.5826177370066986E-02 b      2783     2    11
 -1.3874437020295487E+00 b      2784     2    12
  2.1739688260160614E-01 a      2785     2     1     3     1
  1.1281439089229958E-01 a      2786     2     2     3     1
 -2.2172507422625340E-01 a      2787     2     3     3     1
  8.6924860695522868E-02 a      2788     2     4     3     1
  1.9016332590719415E-01 a      2789     2     5     3     1
 -1.7833266190991630E+00 a      2790     2     6     3     1
  1.0886463891898084E+00 a      2791     2     7     3     1
 -1.8091824634730386E-01 a      2792     2     8     3     1
  1.3169125609333704E-01 a      2793     2     9     3     1
 -1.8303140357839509E-01 a      2794     2    10     3     1
  1.0996190034972791E-01 a      2795     2    11     3     1
 -1.8714306582624807E-01 a      2796     2    12     3     1
 -2.2633822513833923E+00 b      2797     3     1
