################################################################################
# Neural network connection values (weights and biases).
################################################################################
# Col  Name       Description
################################################################################
# 1    connection Neural network connection value.
# 2    t          Connection type (a = weight, b = bias).
# 3    index      Index enumerating weights.
# 4    l_s        Starting point layer (end point layer for biases).
# 5    n_s        Starting point neuron in starting layer (end point neuron for biases).
# 6    l_e        End point layer.
# 7    n_e        End point neuron in end layer.
################################################################################
#                      1 2         3     4     5     6     7
#             connection t     index   l_s   n_s   l_e   n_e
############################################################
  7.0124482130936402E-02 a         1     0     1     1     1
 -4.5605539026314298E-02 a         2     0     1     1     2
 -3.2776832415605300E-01 a         3     0     1     1     3
  2.4843535150019760E-01 a         4     0     1     1     4
 -4.3617073315014854E-01 a         5     0     1     1     5
 -2.8485077817389182E-01 a         6     0     1     1     6
 -6.8878120212506411E-01 a         7     0     1     1     7
 -4.1937905784653373E-01 a         8     0     1     1     8
  5.0930212077001291E-01 a         9     0     1     1     9
  1.2502909445736335E-01 a        10     0     1     1    10
  3.5035070082727227E-01 a        11     0     1     1    11
 -1.8245315607809487E-01 a        12     0     1     1    12
  4.5270747396025440E-01 a        13     0     2     1     1
 -1.6417058142438162E-01 a        14     0     2     1     2
 -7.5495108101583566E-02 a        15     0     2     1     3
 -1.4836162319988741E-01 a        16     0     2     1     4
 -1.1033859087492767E-01 a        17     0     2     1     5
  3.9027321394383341E-01 a        18     0     2     1     6
  9.8519603945803488E-02 a        19     0     2     1     7
 -2.5555766014919579E-01 a        20     0     2     1     8
  1.6541499578759014E-02 a        21     0     2     1     9
  1.5130928847465433E-01 a        22     0     2     1    10
 -2.2378940417661841E-01 a        23     0     2     1    11
  4.0755139971515603E-03 a        24     0     2     1    12
  1.2093141905727010E-01 a        25     0     3     1     1
  2.1026415542914922E-01 a        26     0     3     1     2
 -1.2320383972429257E-01 a        27     0     3     1     3
  2.1266440057090924E-01 a        28     0     3     1     4
 -2.0347836312481885E-01 a        29     0     3     1     5
 -3.6066426447796590E-01 a        30     0     3     1     6
 -1.6053287931982979E-01 a        31     0     3     1     7
 -7.6276639268432297E-02 a        32     0     3     1     8
  3.4525557676128754E-01 a        33     0     3     1     9
  1.9495652791824489E-01 a        34     0     3     1    10
  2.0505119582468073E-02 a        35     0     3     1    11
 -9.3383837988080642E-02 a        36     0     3     1    12
  3.3291603880393789E-01 a        37     0     4     1     1
 -3.4637902493939360E-02 a        38     0     4     1     2
 -4.7365756551847084E-02 a        39     0     4     1     3
 -1.5029564599672401E-01 a        40     0     4     1     4
 -1.3289816651897474E-01 a        41     0     4     1     5
  2.8126872631978750E-01 a        42     0     4     1     6
  2.7648192593749187E-02 a        43     0     4     1     7
 -1.8140532119613514E-01 a        44     0     4     1     8
 -9.2068902942683287E-02 a        45     0     4     1     9
  2.7217957783993357E-01 a        46     0     4     1    10
 -7.0825241865707170E-02 a        47     0     4     1    11
  2.1919049057949141E-01 a        48     0     4     1    12
 -7.3702788817867106E-03 a        49     0     5     1     1
 -4.5507381136217967E-02 a        50     0     5     1     2
  1.0714703883835618E-01 a        51     0     5     1     3
  1.7566378331921845E-01 a        52     0     5     1     4
 -6.5725700486070640E-02 a        53     0     5     1     5
 -1.5337874956093880E-01 a        54     0     5     1     6
  7.1971194650832640E-02 a        55     0     5     1     7
 -5.4153511417509057E-02 a        56     0     5     1     8
  4.3306111226470198E-02 a        57     0     5     1     9
 -1.6133777938777853E-02 a        58     0     5     1    10
  8.6033597083606778E-02 a        59     0     5     1    11
 -1.3525476203069511E-01 a        60     0     5     1    12
  3.0279924975327960E-01 a        61     0     6     1     1
 -4.5116638109679183E-02 a        62     0     6     1     2
  1.3565722697793203E-01 a        63     0     6     1     3
 -1.4001023856191869E-02 a        64     0     6     1     4
 -9.4897345575527203E-02 a        65     0     6     1     5
  2.2622145906452110E-01 a        66     0     6     1     6
 -3.3977944907130596E-02 a        67     0     6     1     7
  3.0729785996284195E-03 a        68     0     6     1     8
  1.6395268506104779E-01 a        69     0     6     1     9
  1.7803528102496333E-01 a        70     0     6     1    10
 -1.7939105415198611E-01 a        71     0     6     1    11
  1.3708874133395596E-01 a        72     0     6     1    12
  2.3260376705716837E-01 a        73     0     7     1     1
 -1.2411569929844012E-02 a        74     0     7     1     2
  3.7665054634272760E-01 a        75     0     7     1     3
 -6.1855828952365362E-02 a        76     0     7     1     4
 -1.9509929382435995E-01 a        77     0     7     1     5
 -8.3395792272868807E-02 a        78     0     7     1     6
  1.6742590632414564E-01 a        79     0     7     1     7
  1.9887955615867453E-02 a        80     0     7     1     8
 -9.3522717365268668E-02 a        81     0     7     1     9
 -1.0626967472478245E-01 a        82     0     7     1    10
  4.8147126175395200E-03 a        83     0     7     1    11
  9.9863875489619058E-02 a        84     0     7     1    12
  2.0650333512282112E-01 a        85     0     8     1     1
  2.8521042432920047E-02 a        86     0     8     1     2
  2.1291969433288296E-01 a        87     0     8     1     3
 -1.9881325355206255E-02 a        88     0     8     1     4
  1.0990735181805784E-01 a        89     0     8     1     5
  9.3132747681068301E-02 a        90     0     8     1     6
  7.7197283793432894E-02 a        91     0     8     1     7
 -1.1525032006453252E-01 a        92     0     8     1     8
 -6.4422476932048459E-02 a        93     0     8     1     9
  1.4186714725549501E-01 a        94     0     8     1    10
 -5.8333624120753678E-02 a        95     0     8     1    11
  1.4576108737219776E-01 a        96     0     8     1    12
  1.1564931362860921E-01 a        97     0     9     1     1
  1.1051552254585925E-01 a        98     0     9     1     2
  3.9917478769145864E-01 a        99     0     9     1     3
  2.2600641395489757E-02 a       100     0     9     1     4
  1.3831150055419553E-01 a       101     0     9     1     5
  1.7157063257593017E-01 a       102     0     9     1     6
  2.2429197565944314E-01 a       103     0     9     1     7
  1.5546091157315306E-01 a       104     0     9     1     8
  6.9056964743228560E-02 a       105     0     9     1     9
 -1.1689570520559382E-01 a       106     0     9     1    10
 -2.9542235367603165E-01 a       107     0     9     1    11
 -4.1549617011209260E-02 a       108     0     9     1    12
  1.4319325646600436E-01 a       109     0    10     1     1
 -8.1776561477440210E-02 a       110     0    10     1     2
  1.7955160071017390E-01 a       111     0    10     1     3
  6.2231717021011948E-02 a       112     0    10     1     4
  2.4891520352509167E-01 a       113     0    10     1     5
  2.9573741848347468E-01 a       114     0    10     1     6
 -9.1259436490758100E-02 a       115     0    10     1     7
  1.2788372791020364E-01 a       116     0    10     1     8
  5.8886176164305269E-02 a       117     0    10     1     9
  2.4915294470880169E-02 a       118     0    10     1    10
 -2.3198833281647163E-01 a       119     0    10     1    11
  8.2651930501812729E-02 a       120     0    10     1    12
 -3.8884956487645186E-02 a       121     0    11     1     1
  2.2350928596377429E-02 a       122     0    11     1     2
  6.0414487673881367E-01 a       123     0    11     1     3
  3.8585333288350801E-02 a       124     0    11     1     4
 -1.8980872860221851E-02 a       125     0    11     1     5
  3.7541476290949644E-02 a       126     0    11     1     6
  3.4087569406974216E-01 a       127     0    11     1     7
  1.1812620521313733E-01 a       128     0    11     1     8
  1.4066446810194134E-02 a       129     0    11     1     9
  1.4022967117811988E-01 a       130     0    11     1    10
 -8.8999792278599513E-02 a       131     0    11     1    11
 -4.7770895681064299E-03 a       132     0    11     1    12
  5.4401246871654201E-02 a       133     0    12     1     1
  1.6328896736204287E-02 a       134     0    12     1     2
  2.2358789795595060E-01 a       135     0    12     1     3
 -9.6305861780553920E-02 a       136     0    12     1     4
  2.0148317821314710E-01 a       137     0    12     1     5
  2.7300325061087527E-01 a       138     0    12     1     6
  8.6361298282175938E-02 a       139     0    12     1     7
  1.3457841855599512E-01 a       140     0    12     1     8
  6.7564924817629643E-02 a       141     0    12     1     9
 -7.0157542174594870E-02 a       142     0    12     1    10
 -2.8909959689672846E-02 a       143     0    12     1    11
  5.3687169761646503E-02 a       144     0    12     1    12
 -4.2990563154653189E-01 a       145     0    13     1     1
 -3.3377576886246069E-01 a       146     0    13     1     2
  1.5124685959578248E+00 a       147     0    13     1     3
  3.0192379004678199E-01 a       148     0    13     1     4
 -4.4114439536213240E-01 a       149     0    13     1     5
 -6.9787379537792060E-01 a       150     0    13     1     6
  7.3556150053148761E-01 a       151     0    13     1     7
 -3.3032122084922411E-01 a       152     0    13     1     8
  4.9755965182776696E-01 a       153     0    13     1     9
  2.2936849328300860E-01 a       154     0    13     1    10
  2.5576380551705594E-02 a       155     0    13     1    11
 -5.0175427904510450E-01 a       156     0    13     1    12
  3.6536678395133187E-01 a       157     0    14     1     1
  3.5819096271017309E-01 a       158     0    14     1     2
 -4.4768911449001503E-01 a       159     0    14     1     3
  6.6495015077377639E-01 a       160     0    14     1     4
 -2.8286020698332331E-01 a       161     0    14     1     5
 -1.0967911602524967E-01 a       162     0    14     1     6
 -6.7557042868021733E-01 a       163     0    14     1     7
 -6.7939908706658414E-01 a       164     0    14     1     8
 -6.1022864560047740E-01 a       165     0    14     1     9
  6.2505017435489779E-02 a       166     0    14     1    10
  7.7371498196105393E-02 a       167     0    14     1    11
 -8.0155567334705846E-01 a       168     0    14     1    12
 -3.7625592690791049E-01 a       169     0    15     1     1
  3.9933345897084499E-01 a       170     0    15     1     2
 -1.7878543850231989E+00 a       171     0    15     1     3
 -3.9600168734659774E-01 a       172     0    15     1     4
  1.9206458055289033E-01 a       173     0    15     1     5
 -4.5971762919799469E-01 a       174     0    15     1     6
 -8.0878088935270631E-01 a       175     0    15     1     7
  5.3874375152862641E-01 a       176     0    15     1     8
  1.8552928547429395E-01 a       177     0    15     1     9
  1.4900482411565191E-01 a       178     0    15     1    10
  7.7747833700901137E-01 a       179     0    15     1    11
 -9.3908120733296463E-02 a       180     0    15     1    12
 -5.7084843559772525E-01 a       181     0    16     1     1
  1.7861141871978556E-01 a       182     0    16     1     2
 -9.3270919230548521E-01 a       183     0    16     1     3
 -6.4562745292719137E-01 a       184     0    16     1     4
 -1.0907223060621203E+00 a       185     0    16     1     5
 -1.5107339956122423E+00 a       186     0    16     1     6
  2.1584736965556919E-01 a       187     0    16     1     7
 -1.7461007595138836E-01 a       188     0    16     1     8
 -5.8070585570090061E-01 a       189     0    16     1     9
 -6.7307371826002782E-01 a       190     0    16     1    10
  5.7790331386147764E-01 a       191     0    16     1    11
 -6.8110663548755135E-01 a       192     0    16     1    12
  3.7156412932391575E-01 a       193     0    17     1     1
  6.8991440453543562E-01 a       194     0    17     1     2
 -2.7887954467554588E+00 a       195     0    17     1     3
 -3.8680661842698449E-01 a       196     0    17     1     4
  5.0222105769618242E-01 a       197     0    17     1     5
  4.3202072662207824E-01 a       198     0    17     1     6
 -1.5578334230172799E+00 a       199     0    17     1     7
  4.0378587652419695E-01 a       200     0    17     1     8
 -6.6699019006512328E-01 a       201     0    17     1     9
 -2.5571379681788331E-01 a       202     0    17     1    10
  2.6162979910650352E-01 a       203     0    17     1    11
  5.9478858158727410E-01 a       204     0    17     1    12
 -7.1410505005129432E-01 a       205     0    18     1     1
 -3.3277211633930254E-01 a       206     0    18     1     2
 -7.9042428583250154E-02 a       207     0    18     1     3
 -9.6913890418297444E-01 a       208     0    18     1     4
 -7.0931345847843830E-01 a       209     0    18     1     5
 -7.9938330286795833E-01 a       210     0    18     1     6
  9.5024625196452650E-01 a       211     0    18     1     7
  2.4397637115158666E-01 a       212     0    18     1     8
  2.0464230821372231E-01 a       213     0    18     1     9
 -7.7143834646182674E-01 a       214     0    18     1    10
  5.6162618745259141E-01 a       215     0    18     1    11
  4.8370301632607315E-01 a       216     0    18     1    12
  3.8906623465642975E-01 a       217     0    19     1     1
  1.0641441121091128E-02 a       218     0    19     1     2
  3.1836692455188897E-01 a       219     0    19     1     3
  1.9274254371994529E-01 a       220     0    19     1     4
  1.4028805267159855E-01 a       221     0    19     1     5
  6.4647958043739240E-01 a       222     0    19     1     6
  2.4331471380073610E-01 a       223     0    19     1     7
 -4.7973937903386205E-01 a       224     0    19     1     8
 -5.3956611385944730E-01 a       225     0    19     1     9
 -1.5136503776635310E-01 a       226     0    19     1    10
 -5.8131729897297246E-01 a       227     0    19     1    11
  2.7979782683193033E-01 a       228     0    19     1    12
  3.2909918613473738E-01 a       229     0    20     1     1
 -1.0710471688762771E-01 a       230     0    20     1     2
  8.2260275638506952E-01 a       231     0    20     1     3
  2.1643177473439948E-01 a       232     0    20     1     4
  4.4935573400784451E-01 a       233     0    20     1     5
  8.2220689396533164E-01 a       234     0    20     1     6
  6.0331546144103887E-01 a       235     0    20     1     7
  4.1852421560540837E-01 a       236     0    20     1     8
  1.1542394318257332E+00 a       237     0    20     1     9
  7.2671721245212720E-02 a       238     0    20     1    10
 -2.2879207123064405E-01 a       239     0    20     1    11
  9.7676020624922755E-01 a       240     0    20     1    12
 -9.7833838954906424E-02 a       241     0    21     1     1
 -5.4282593482164399E-01 a       242     0    21     1     2
  2.8587007311835078E+00 a       243     0    21     1     3
  3.4580320193120034E-01 a       244     0    21     1     4
 -4.7627546455702396E-01 a       245     0    21     1     5
 -4.9656804347059998E-02 a       246     0    21     1     6
  1.6022823687930241E+00 a       247     0    21     1     7
 -6.3871007963252879E-01 a       248     0    21     1     8
  3.5452504990139894E-01 a       249     0    21     1     9
  2.8176039906891764E-01 a       250     0    21     1    10
 -7.9726318189612966E-01 a       251     0    21     1    11
 -3.2991312581894167E-01 a       252     0    21     1    12
  9.5214860390546840E-01 a       253     0    22     1     1
  8.1399523252518216E-02 a       254     0    22     1     2
  7.8043507050621941E-01 a       255     0    22     1     3
  7.9710982093299509E-01 a       256     0    22     1     4
  8.4004988601009012E-01 a       257     0    22     1     5
  9.9584137070395229E-01 a       258     0    22     1     6
 -1.8472785751305137E-01 a       259     0    22     1     7
 -1.6143663412504777E-01 a       260     0    22     1     8
  4.7904398374450036E-01 a       261     0    22     1     9
  5.1263072697588208E-01 a       262     0    22     1    10
 -7.7818937562227641E-01 a       263     0    22     1    11
  1.4091438237542345E-01 a       264     0    22     1    12
 -1.6266330986516936E-01 a       265     0    23     1     1
  1.4617748993832275E-01 a       266     0    23     1     2
  1.0435581375495842E+00 a       267     0    23     1     3
 -1.8708610422033789E-01 a       268     0    23     1     4
 -2.4877052474086375E-01 a       269     0    23     1     5
 -3.8384672376170026E-01 a       270     0    23     1     6
  2.6732264130590943E-02 a       271     0    23     1     7
  2.2521313156666006E-01 a       272     0    23     1     8
  3.1212523807224962E-01 a       273     0    23     1     9
 -3.0211465538401216E-02 a       274     0    23     1    10
  2.2149414455999918E-02 a       275     0    23     1    11
 -4.9450181648948065E-02 a       276     0    23     1    12
  2.0822266368521769E-01 a       277     0    24     1     1
  3.3594968963975758E-01 a       278     0    24     1     2
 -2.1744776613814693E-01 a       279     0    24     1     3
 -3.9276531733360476E-01 a       280     0    24     1     4
 -6.1811045466695407E-02 a       281     0    24     1     5
 -2.7188726851112327E-01 a       282     0    24     1     6
 -4.8437269446485609E-01 a       283     0    24     1     7
 -1.6550996361957585E-01 a       284     0    24     1     8
 -8.8236035874753260E-01 a       285     0    24     1     9
  6.4659514824225005E-03 a       286     0    24     1    10
 -2.3186329326526375E-01 a       287     0    24     1    11
 -6.8399881858274103E-01 a       288     0    24     1    12
  2.4757605541890448E-01 a       289     0    25     1     1
  5.0084445294508395E-01 a       290     0    25     1     2
 -1.7462851286953958E+00 a       291     0    25     1     3
 -4.3590626685916378E-01 a       292     0    25     1     4
  4.2434017361605025E-01 a       293     0    25     1     5
  2.8837115335908181E-01 a       294     0    25     1     6
 -1.1939726102918440E+00 a       295     0    25     1     7
  8.3931097955296863E-01 a       296     0    25     1     8
 -2.2318289043226872E-01 a       297     0    25     1     9
 -3.7251265897225461E-01 a       298     0    25     1    10
  4.4684200754114634E-01 a       299     0    25     1    11
  2.9632418034720587E-01 a       300     0    25     1    12
 -6.6524417417483250E-01 a       301     0    26     1     1
  5.2947060377492264E-02 a       302     0    26     1     2
 -4.5360363697825368E-01 a       303     0    26     1     3
 -9.1892529373362619E-01 a       304     0    26     1     4
 -5.8660470509206963E-01 a       305     0    26     1     5
 -3.9209342085940946E-01 a       306     0    26     1     6
  1.8654270176178814E-01 a       307     0    26     1     7
  7.4864405268467590E-02 a       308     0    26     1     8
 -6.1133076382100293E-01 a       309     0    26     1     9
  3.2936019150383453E-02 a       310     0    26     1    10
  4.3637364929752681E-01 a       311     0    26     1    11
 -1.3155683269876584E-01 a       312     0    26     1    12
  2.7968199870287674E-01 a       313     0    27     1     1
  2.6252282199786736E-01 a       314     0    27     1     2
 -8.0858614346157121E-01 a       315     0    27     1     3
 -4.8442577029490237E-02 a       316     0    27     1     4
  3.8620230647303166E-01 a       317     0    27     1     5
  2.0221399721151886E-01 a       318     0    27     1     6
 -3.1641480103506009E-01 a       319     0    27     1     7
  2.7603234765080814E-01 a       320     0    27     1     8
 -2.8239297754643033E-01 a       321     0    27     1     9
 -4.1057415491969623E-01 a       322     0    27     1    10
 -1.6628904051570187E-01 a       323     0    27     1    11
  3.7395311046038282E-01 a       324     0    27     1    12
 -7.6426312774116337E-02 a       325     0    28     1     1
 -2.0513927952401420E-01 a       326     0    28     1     2
 -1.9409808199191242E-01 a       327     0    28     1     3
  1.6290559165804047E-01 a       328     0    28     1     4
 -2.9173418118972549E-01 a       329     0    28     1     5
  3.6965262599140924E-01 a       330     0    28     1     6
  3.3227097259075905E-01 a       331     0    28     1     7
  1.3650704836301286E-01 a       332     0    28     1     8
  7.2801390252538775E-02 a       333     0    28     1     9
 -1.0541935167827657E-01 a       334     0    28     1    10
  2.2967220148536280E-02 a       335     0    28     1    11
  4.9609192783930933E-01 a       336     0    28     1    12
  1.5405388764973299E-01 a       337     0    29     1     1
 -1.0187883240358407E-01 a       338     0    29     1     2
  1.6358477811876354E-01 a       339     0    29     1     3
  1.9373695717759337E-01 a       340     0    29     1     4
 -1.8618952119950050E-01 a       341     0    29     1     5
  6.1820132441713353E-02 a       342     0    29     1     6
  4.1055423264201768E-01 a       343     0    29     1     7
 -2.2885281151075448E-01 a       344     0    29     1     8
  2.7857542641901484E-01 a       345     0    29     1     9
 -1.2001368285802647E-02 a       346     0    29     1    10
 -2.3218989253567970E-01 a       347     0    29     1    11
  1.8522015353427521E-01 a       348     0    29     1    12
  4.2459769953385457E-01 a       349     0    30     1     1
 -4.4163290152986111E-02 a       350     0    30     1     2
  1.0483208258554438E-01 a       351     0    30     1     3
 -1.6035903971843377E-02 a       352     0    30     1     4
 -2.1151431790867359E-01 a       353     0    30     1     5
  3.2328671025130490E-01 a       354     0    30     1     6
 -3.2232153419171405E-02 a       355     0    30     1     7
  9.3805398762068143E-02 a       356     0    30     1     8
 -1.9370596547649135E-02 a       357     0    30     1     9
 -4.7646881048804168E-01 a       358     0    30     1    10
  1.4208430199604882E-01 a       359     0    30     1    11
 -3.1616763831153478E-02 a       360     0    30     1    12
 -2.1901248351119290E-01 a       361     0    31     1     1
 -1.2508163672507716E-01 a       362     0    31     1     2
  4.3053352151878405E-01 a       363     0    31     1     3
  2.1401529017008911E-01 a       364     0    31     1     4
  8.5401070279218123E-03 a       365     0    31     1     5
  1.0213248317779212E-01 a       366     0    31     1     6
  5.4001142678207548E-01 a       367     0    31     1     7
 -2.3232451631345311E-01 a       368     0    31     1     8
  1.5192865902420488E-01 a       369     0    31     1     9
  1.6287365782581398E-01 a       370     0    31     1    10
 -1.6367201858504291E-01 a       371     0    31     1    11
  2.3561403801158531E-01 a       372     0    31     1    12
 -1.1508197034205955E-01 a       373     0    32     1     1
 -2.8408015534521858E-01 a       374     0    32     1     2
  1.4407444516306953E-01 a       375     0    32     1     3
 -1.7243303022115058E-01 a       376     0    32     1     4
  3.7760512062635428E-02 a       377     0    32     1     5
 -3.4641840940486363E-02 a       378     0    32     1     6
 -2.3504717340339792E-01 a       379     0    32     1     7
 -1.0475355377368432E-01 a       380     0    32     1     8
  6.0590443025882867E-01 a       381     0    32     1     9
  4.9356891025583105E-02 a       382     0    32     1    10
  5.6153033796287055E-04 a       383     0    32     1    11
  1.3976526962390032E-01 a       384     0    32     1    12
 -6.8984205852742175E-01 a       385     0    33     1     1
  2.8860772350805489E-02 a       386     0    33     1     2
  1.6761588299743095E+00 a       387     0    33     1     3
 -1.4306193302521417E-01 a       388     0    33     1     4
  1.3837301646290325E+00 a       389     0    33     1     5
  2.4661575449785964E+00 a       390     0    33     1     6
  3.0965461868695292E+00 a       391     0    33     1     7
  8.9863183014627357E-01 a       392     0    33     1     8
 -1.5844477086019570E+00 a       393     0    33     1     9
  1.9471907433193608E-01 a       394     0    33     1    10
 -1.1891094794146677E+00 a       395     0    33     1    11
  3.9651196105514980E-01 a       396     0    33     1    12
  1.0077185432252224E-01 a       397     0    34     1     1
  3.1854114399214789E-01 a       398     0    34     1     2
 -3.3034638468628669E-01 a       399     0    34     1     3
 -2.6767625366348824E-01 a       400     0    34     1     4
  4.5496195096322500E-01 a       401     0    34     1     5
 -5.3686393459009618E-01 a       402     0    34     1     6
  9.7201207495890551E-01 a       403     0    34     1     7
 -4.4555543568409781E-02 a       404     0    34     1     8
 -6.7039835584309329E-02 a       405     0    34     1     9
 -1.3296888092487745E-02 a       406     0    34     1    10
 -3.2403833713205471E-01 a       407     0    34     1    11
  6.6137731895908936E-01 a       408     0    34     1    12
 -1.9554145990030067E+00 a       409     0    35     1     1
  1.2525644332329644E+00 a       410     0    35     1     2
  7.1972455538091911E+00 a       411     0    35     1     3
  2.0902362655972682E+00 a       412     0    35     1     4
 -1.7967126453584994E+00 a       413     0    35     1     5
  2.8443510125161819E+00 a       414     0    35     1     6
  3.2861845524340838E+00 a       415     0    35     1     7
 -2.8272426459536217E+00 a       416     0    35     1     8
 -1.5809691619983768E+00 a       417     0    35     1     9
  4.7441753035658447E+00 a       418     0    35     1    10
 -3.2479785549661919E+00 a       419     0    35     1    11
 -2.7045774838537260E+00 a       420     0    35     1    12
  3.7182374415054142E+00 a       421     0    36     1     1
  5.7748269696657062E-01 a       422     0    36     1     2
  3.3848090263046475E+00 a       423     0    36     1     3
 -1.8968046776898295E+00 a       424     0    36     1     4
 -5.9363593749374184E+00 a       425     0    36     1     5
  5.5496334279414405E+00 a       426     0    36     1     6
  1.1831005574402591E-01 a       427     0    36     1     7
 -2.9945343772065693E+00 a       428     0    36     1     8
  3.2183322015938631E+00 a       429     0    36     1     9
  8.8601363887658657E-01 a       430     0    36     1    10
 -8.2039322191331876E-01 a       431     0    36     1    11
  1.5411758818573167E+00 a       432     0    36     1    12
  6.3020327625711164E-02 a       433     0    37     1     1
 -1.3147904363184864E-02 a       434     0    37     1     2
 -8.4197691526034424E-01 a       435     0    37     1     3
 -1.3712540113582841E-01 a       436     0    37     1     4
 -9.2963840655761451E-02 a       437     0    37     1     5
 -8.5621833380367240E-01 a       438     0    37     1     6
 -8.0887730540248082E-01 a       439     0    37     1     7
 -1.4846627338514934E-01 a       440     0    37     1     8
  5.9472560376972494E-01 a       441     0    37     1     9
 -4.6462201611581944E-01 a       442     0    37     1    10
  3.9444269975316543E-01 a       443     0    37     1    11
  6.9939577661986371E-02 a       444     0    37     1    12
  1.2021061079171520E-01 a       445     0    38     1     1
 -1.8152957697556316E-01 a       446     0    38     1     2
 -1.4925085316900477E-01 a       447     0    38     1     3
  1.8949290814623398E-01 a       448     0    38     1     4
  3.9520432968182084E-01 a       449     0    38     1     5
  1.9011211033909281E-01 a       450     0    38     1     6
 -9.3110508668519040E-02 a       451     0    38     1     7
  3.6373503065083113E-01 a       452     0    38     1     8
  4.8167365689010377E-03 a       453     0    38     1     9
  3.8379533546036876E-02 a       454     0    38     1    10
 -2.8882344320757031E-01 a       455     0    38     1    11
 -1.5313347854511852E-01 a       456     0    38     1    12
 -2.6061131216833247E-02 a       457     0    39     1     1
  1.4678177282698270E-02 a       458     0    39     1     2
 -6.4956748491563598E-01 a       459     0    39     1     3
 -1.3073111335891369E-01 a       460     0    39     1     4
 -2.5915751600235021E-01 a       461     0    39     1     5
 -3.7728464769839221E-01 a       462     0    39     1     6
 -5.5683998808740187E-01 a       463     0    39     1     7
 -7.6147971030745484E-02 a       464     0    39     1     8
  4.4625028506103526E-01 a       465     0    39     1     9
 -2.2286451082499598E-01 a       466     0    39     1    10
  1.7334697612042263E-01 a       467     0    39     1    11
  1.1964194027472849E-01 a       468     0    39     1    12
 -3.0910123420807487E-02 a       469     0    40     1     1
 -5.8865291997385397E-02 a       470     0    40     1     2
 -1.3870224383383029E-02 a       471     0    40     1     3
  1.3677153050390622E-01 a       472     0    40     1     4
  3.0703153358004176E-01 a       473     0    40     1     5
  1.5128241058022410E-02 a       474     0    40     1     6
 -8.6171638837281350E-02 a       475     0    40     1     7
  2.9369601084701352E-01 a       476     0    40     1     8
 -2.3027725117709294E-01 a       477     0    40     1     9
 -1.2817927628073131E-02 a       478     0    40     1    10
 -6.9753030743035918E-02 a       479     0    40     1    11
  5.2591867693391456E-02 a       480     0    40     1    12
  4.2841525421181623E-02 a       481     0    41     1     1
 -4.8998229505371138E-02 a       482     0    41     1     2
 -1.3877402120449966E-01 a       483     0    41     1     3
 -8.0403396135466515E-02 a       484     0    41     1     4
  8.3313512225788353E-02 a       485     0    41     1     5
 -3.7748078588485628E-01 a       486     0    41     1     6
 -2.1266178750854722E-01 a       487     0    41     1     7
  1.3346919054537404E-01 a       488     0    41     1     8
  2.8275594036319551E-01 a       489     0    41     1     9
 -2.6803361917670615E-01 a       490     0    41     1    10
  9.0463881787599343E-02 a       491     0    41     1    11
  2.6679446060337086E-01 a       492     0    41     1    12
 -2.4782479230046131E-02 a       493     0    42     1     1
 -1.7160554741537579E-01 a       494     0    42     1     2
 -4.4048410908380430E-02 a       495     0    42     1     3
  5.6551571879017264E-03 a       496     0    42     1     4
  1.4939411408584308E-01 a       497     0    42     1     5
  1.4320123561139156E-01 a       498     0    42     1     6
 -3.2380298037690484E-02 a       499     0    42     1     7
  7.6155105833775300E-02 a       500     0    42     1     8
 -1.0871265802036945E-01 a       501     0    42     1     9
  5.9602977427578960E-02 a       502     0    42     1    10
 -7.0704769348214916E-02 a       503     0    42     1    11
  1.4520412835742667E-04 a       504     0    42     1    12
  4.9566736895781845E-02 a       505     0    43     1     1
 -1.5259215672561910E-01 a       506     0    43     1     2
 -1.8355563051929927E-02 a       507     0    43     1     3
 -1.9775696443192695E-01 a       508     0    43     1     4
  2.9688092321282331E-03 a       509     0    43     1     5
 -1.0863014134235960E-02 a       510     0    43     1     6
 -7.5335230271977568E-02 a       511     0    43     1     7
  6.5136430328253192E-03 a       512     0    43     1     8
  1.2527130125693064E-01 a       513     0    43     1     9
 -4.4808394454858458E-02 a       514     0    43     1    10
  1.9038779201412354E-02 a       515     0    43     1    11
  2.3685317231464592E-01 a       516     0    43     1    12
 -2.2211471923425298E-02 a       517     0    44     1     1
 -1.6298512650238009E-01 a       518     0    44     1     2
  1.0738050043947250E-01 a       519     0    44     1     3
 -1.6773795749975570E-01 a       520     0    44     1     4
  2.4242526447159771E-01 a       521     0    44     1     5
  9.8993046034446447E-02 a       522     0    44     1     6
  1.4278577318315569E-01 a       523     0    44     1     7
 -4.9776378879149825E-02 a       524     0    44     1     8
  5.1458004448431759E-02 a       525     0    44     1     9
 -4.1911456995428420E-02 a       526     0    44     1    10
  4.7734218662335563E-02 a       527     0    44     1    11
 -1.6332817918380713E-01 a       528     0    44     1    12
  2.5120408333075037E-02 a       529     0    45     1     1
  5.6711335946141000E-02 a       530     0    45     1     2
  2.1892464775034781E-01 a       531     0    45     1     3
 -1.5239421503985124E-02 a       532     0    45     1     4
 -5.6365167027878568E-02 a       533     0    45     1     5
  2.9500971301757668E-02 a       534     0    45     1     6
  7.6827386782876428E-02 a       535     0    45     1     7
  1.4687720886734440E-01 a       536     0    45     1     8
  1.2699103743290347E-02 a       537     0    45     1     9
 -1.1087069760868272E-01 a       538     0    45     1    10
  7.1211499806349318E-02 a       539     0    45     1    11
  2.1560781416308231E-01 a       540     0    45     1    12
  1.0327193287732420E-02 a       541     0    46     1     1
  5.6401422635472320E-02 a       542     0    46     1     2
  2.5741790517516416E-01 a       543     0    46     1     3
 -7.0919765353168157E-02 a       544     0    46     1     4
 -5.4118576794653504E-02 a       545     0    46     1     5
  2.0343895791679653E-01 a       546     0    46     1     6
  1.0477672770510368E-01 a       547     0    46     1     7
  1.1336558812446371E-01 a       548     0    46     1     8
  3.7330404435442242E-02 a       549     0    46     1     9
  7.5133430267884257E-02 a       550     0    46     1    10
 -1.4636230172163853E-01 a       551     0    46     1    11
  6.5827442564332844E-02 a       552     0    46     1    12
  1.2837690978788838E-01 a       553     0    47     1     1
  1.2996924001905602E-01 a       554     0    47     1     2
  5.7640394926574601E-01 a       555     0    47     1     3
  1.2934197755893606E-01 a       556     0    47     1     4
  5.5275805079121845E-02 a       557     0    47     1     5
  4.5621826699276231E-02 a       558     0    47     1     6
  1.3200320151138858E-01 a       559     0    47     1     7
  7.0540652107556917E-02 a       560     0    47     1     8
  1.1441809800530948E-01 a       561     0    47     1     9
  7.0891937190368209E-02 a       562     0    47     1    10
 -7.5382015215713999E-02 a       563     0    47     1    11
 -4.3824911833461648E-02 a       564     0    47     1    12
  1.3809982972431115E-01 a       565     0    48     1     1
  8.6021620098017497E-03 a       566     0    48     1     2
  1.6413588856157876E-01 a       567     0    48     1     3
  4.0244988740802141E-03 a       568     0    48     1     4
  7.1604114567157429E-02 a       569     0    48     1     5
  2.3872518102269683E-01 a       570     0    48     1     6
 -1.2974062675229294E-02 a       571     0    48     1     7
 -2.2359330875594621E-03 a       572     0    48     1     8
  1.0669909321855063E-01 a       573     0    48     1     9
  1.4016339424051952E-01 a       574     0    48     1    10
  2.6659235664644895E-02 a       575     0    48     1    11
  1.2234170642193853E-01 a       576     0    48     1    12
 -6.4233808395560130E-02 a       577     0    49     1     1
  4.8444841746006363E-02 a       578     0    49     1     2
  4.2179678661619879E-01 a       579     0    49     1     3
 -1.2684372441769214E-03 a       580     0    49     1     4
 -4.7022709488855452E-02 a       581     0    49     1     5
 -4.7075603630595771E-02 a       582     0    49     1     6
  3.0872986533362418E-01 a       583     0    49     1     7
 -1.1690935109311874E-01 a       584     0    49     1     8
  4.6364111337987353E-02 a       585     0    49     1     9
 -1.2232005533831006E-01 a       586     0    49     1    10
 -2.5357969238642841E-01 a       587     0    49     1    11
 -3.8688799186554809E-02 a       588     0    49     1    12
  1.2749094047545496E-02 a       589     0    50     1     1
  5.6344727124853236E-02 a       590     0    50     1     2
  1.8965210414974140E-01 a       591     0    50     1     3
 -1.9075071330933893E-01 a       592     0    50     1     4
  7.9496730297349341E-02 a       593     0    50     1     5
  1.1576661511025715E-01 a       594     0    50     1     6
  2.3524611291194825E-01 a       595     0    50     1     7
  4.8673872704100604E-02 a       596     0    50     1     8
  3.2438311698191685E-01 a       597     0    50     1     9
  1.8832755693647016E-01 a       598     0    50     1    10
 -2.2768040484967497E-01 a       599     0    50     1    11
  5.7662592025514256E-02 a       600     0    50     1    12
  9.6086639191701947E-02 a       601     0    51     1     1
  1.0146561411485846E-02 a       602     0    51     1     2
 -4.2626269908699393E-01 a       603     0    51     1     3
 -3.8973365942945301E-02 a       604     0    51     1     4
  3.0398318545579073E-01 a       605     0    51     1     5
  3.1598076126768576E-01 a       606     0    51     1     6
 -9.4673011001884341E-02 a       607     0    51     1     7
  1.0697146324222183E-01 a       608     0    51     1     8
 -2.0997734490880440E-01 a       609     0    51     1     9
 -1.0899826197832574E-01 a       610     0    51     1    10
 -1.6319957716413505E-01 a       611     0    51     1    11
  2.0445997030354904E-01 a       612     0    51     1    12
 -2.5091728377038064E-01 a       613     0    52     1     1
 -2.1657076192345384E-01 a       614     0    52     1     2
 -6.9493657806458846E-03 a       615     0    52     1     3
 -3.1418580725029382E-01 a       616     0    52     1     4
 -2.4603085749964559E-01 a       617     0    52     1     5
 -3.3801408976472345E-02 a       618     0    52     1     6
  2.6523565612088001E-01 a       619     0    52     1     7
  7.2670162876839681E-02 a       620     0    52     1     8
  1.5600268051584265E-01 a       621     0    52     1     9
 -1.2346793426897611E-01 a       622     0    52     1    10
 -5.2274041746480635E-02 a       623     0    52     1    11
  3.6105836827466314E-01 a       624     0    52     1    12
 -2.7375361395465476E+00 a       625     0    53     1     1
  1.7303999410147453E-01 a       626     0    53     1     2
 -6.4224081833901732E+00 a       627     0    53     1     3
 -6.1444328272026383E-01 a       628     0    53     1     4
 -3.5111585762163766E-01 a       629     0    53     1     5
 -1.2978889287603368E+00 a       630     0    53     1     6
 -2.4060868895779305E-01 a       631     0    53     1     7
  8.7454327906186657E-01 a       632     0    53     1     8
  2.1180758081905018E+00 a       633     0    53     1     9
  1.0692568064819945E+00 a       634     0    53     1    10
  1.3289506068432189E+00 a       635     0    53     1    11
 -3.7270583939187601E-01 a       636     0    53     1    12
 -4.8382414964431701E+00 a       637     0    54     1     1
 -1.0275979969107649E+00 a       638     0    54     1     2
  3.7504201228078266E-02 a       639     0    54     1     3
 -2.2086040215876794E+00 a       640     0    54     1     4
 -2.5439543001553981E+00 a       641     0    54     1     5
 -3.6498629355349741E+00 a       642     0    54     1     6
  1.2562143719671734E+00 a       643     0    54     1     7
  1.1678447571268307E+00 a       644     0    54     1     8
 -1.1276964978780881E+00 a       645     0    54     1     9
 -1.1862147758665547E+00 a       646     0    54     1    10
  8.2903834212478267E-01 a       647     0    54     1    11
  8.5095845018643146E-01 a       648     0    54     1    12
  4.0488356978041962E+00 a       649     0    55     1     1
  4.9020253657964641E-01 a       650     0    55     1     2
  1.4157137344257131E+00 a       651     0    55     1     3
 -2.4593036372763392E-02 a       652     0    55     1     4
  2.1544873181040480E+00 a       653     0    55     1     5
  3.5355743667289659E+00 a       654     0    55     1     6
 -3.0807069151114734E+00 a       655     0    55     1     7
 -3.6450306353633821E-01 a       656     0    55     1     8
 -4.3626236756848211E+00 a       657     0    55     1     9
 -2.5084891974277945E+00 a       658     0    55     1    10
 -1.5880488805569402E+00 a       659     0    55     1    11
  1.7418709320946200E+00 a       660     0    55     1    12
  3.2700805151709718E+00 a       661     0    56     1     1
 -1.7471619892661680E-01 a       662     0    56     1     2
  1.9760534812713855E+00 a       663     0    56     1     3
  1.7113745128727889E+00 a       664     0    56     1     4
  3.8987083504279592E+00 a       665     0    56     1     5
  4.9377779226519998E+00 a       666     0    56     1     6
 -3.9807376211791112E-01 a       667     0    56     1     7
 -4.9683911621861360E-01 a       668     0    56     1     8
  2.1323981930446867E+00 a       669     0    56     1     9
  2.2575315502673510E+00 a       670     0    56     1    10
 -9.4836912750648328E-01 a       671     0    56     1    11
  7.7788391639262111E-01 a       672     0    56     1    12
 -9.8457352936502118E-01 a       673     0    57     1     1
 -1.5462742728378309E+00 a       674     0    57     1     2
  7.9439647053150368E+00 a       675     0    57     1     3
  1.8521990280614893E+00 a       676     0    57     1     4
 -2.1225546150034647E+00 a       677     0    57     1     5
 -1.8142489316400370E+00 a       678     0    57     1     6
  4.5006323114567026E+00 a       679     0    57     1     7
 -1.8795071086507580E+00 a       680     0    57     1     8
  1.6517233306387673E+00 a       681     0    57     1     9
  6.0450927355896855E-01 a       682     0    57     1    10
 -5.8022587632052436E-01 a       683     0    57     1    11
 -1.5636159523749447E+00 a       684     0    57     1    12
  2.1920044596284489E+00 a       685     0    58     1     1
  1.5460947039194390E+00 a       686     0    58     1     2
 -3.8097738540006013E-04 a       687     0    58     1     3
  2.9380882621855031E+00 a       688     0    58     1     4
  4.9791060686386651E-01 a       689     0    58     1     5
  1.1804149673030864E+00 a       690     0    58     1     6
 -2.2601514177964739E+00 a       691     0    58     1     7
 -1.4100322301697006E+00 a       692     0    58     1     8
 -9.1557159782605535E-01 a       693     0    58     1     9
  9.9485706231567284E-01 a       694     0    58     1    10
 -5.3279673983730713E-01 a       695     0    58     1    11
 -1.0126644787492007E+00 a       696     0    58     1    12
 -2.0065416488126879E+00 a       697     0    59     1     1
  1.4038821254523209E-01 a       698     0    59     1     2
 -7.8958653743011109E-01 a       699     0    59     1     3
 -1.0531764937068802E+00 a       700     0    59     1     4
 -6.4074753278381946E-01 a       701     0    59     1     5
 -2.1738746011345382E+00 a       702     0    59     1     6
  2.4883644361998877E-01 a       703     0    59     1     7
  7.6801601808648656E-01 a       704     0    59     1     8
  2.3188810124779220E+00 a       705     0    59     1     9
  1.2955923055283007E+00 a       706     0    59     1    10
  1.2491480187271111E+00 a       707     0    59     1    11
 -9.4747890287251901E-01 a       708     0    59     1    12
 -1.6434146980283577E+00 a       709     0    60     1     1
  2.3818774222801967E-01 a       710     0    60     1     2
 -2.5563046973196020E+00 a       711     0    60     1     3
 -1.6115147066685820E+00 a       712     0    60     1     4
 -2.8972815863135257E+00 a       713     0    60     1     5
 -3.9171936831097733E+00 a       714     0    60     1     6
 -2.5094651517687955E-01 a       715     0    60     1     7
 -2.4460500310212463E-01 a       716     0    60     1     8
 -2.0349779133390782E+00 a       717     0    60     1     9
 -1.6977570847818404E+00 a       718     0    60     1    10
  1.0282119654291288E+00 a       719     0    60     1    11
 -1.8508884335892966E+00 a       720     0    60     1    12
  1.2182069718034376E+00 a       721     0    61     1     1
  2.0121757063371790E+00 a       722     0    61     1     2
 -9.3207939393103594E+00 a       723     0    61     1     3
 -1.1504179581492691E+00 a       724     0    61     1     4
  2.0474506739051206E+00 a       725     0    61     1     5
  1.5497411346112151E+00 a       726     0    61     1     6
 -5.7390438634547714E+00 a       727     0    61     1     7
  1.8175780424333192E+00 a       728     0    61     1     8
 -1.8630488309300202E+00 a       729     0    61     1     9
 -1.0662276944383879E+00 a       730     0    61     1    10
  1.5842006776831905E+00 a       731     0    61     1    11
  1.7999931989658966E+00 a       732     0    61     1    12
 -2.2380510244861354E+00 a       733     0    62     1     1
 -1.4158911247875583E+00 a       734     0    62     1     2
 -6.1458789628781363E-01 a       735     0    62     1     3
 -3.4411034222533332E+00 a       736     0    62     1     4
 -1.6430459438686917E+00 a       737     0    62     1     5
 -2.0093171749936891E+00 a       738     0    62     1     6
  2.1531854873379634E+00 a       739     0    62     1     7
  1.1850475169664521E+00 a       740     0    62     1     8
  4.1449461338940546E-01 a       741     0    62     1     9
 -1.7017545692146878E+00 a       742     0    62     1    10
  1.4282503031841500E+00 a       743     0    62     1    11
  5.4307957163741150E-01 a       744     0    62     1    12
  1.4619419561743625E+00 a       745     0    63     1     1
 -2.3565431411742599E-01 a       746     0    63     1     2
  3.1746197572832030E-01 a       747     0    63     1     3
  1.1834266697109801E+00 a       748     0    63     1     4
  9.1796957072878060E-01 a       749     0    63     1     5
  1.7203672599036333E+00 a       750     0    63     1     6
  7.4901863962867288E-01 a       751     0    63     1     7
 -1.0368131381696057E+00 a       752     0    63     1     8
 -1.7357417933990755E+00 a       753     0    63     1     9
 -7.8876544007939398E-01 a       754     0    63     1    10
 -1.3446465481758725E+00 a       755     0    63     1    11
  5.6693530612254694E-01 a       756     0    63     1    12
  1.2767181973644677E+00 a       757     0    64     1     1
 -1.0896416833128154E-01 a       758     0    64     1     2
  3.0374069184995256E+00 a       759     0    64     1     3
  1.7516431587442065E+00 a       760     0    64     1     4
  2.5641526402514994E+00 a       761     0    64     1     5
  3.7431572960039232E+00 a       762     0    64     1     6
  9.4461606659150610E-01 a       763     0    64     1     7
  5.8345661328931264E-01 a       764     0    64     1     8
  3.1664587236253947E+00 a       765     0    64     1     9
  1.3750681792606059E+00 a       766     0    64     1    10
 -9.3326419769541336E-01 a       767     0    64     1    11
  3.0118025313684411E+00 a       768     0    64     1    12
 -1.4980866166251876E+00 a       769     0    65     1     1
 -2.2130982895535842E+00 a       770     0    65     1     2
  9.9742753373971844E+00 a       771     0    65     1     3
  1.0003621237786615E+00 a       772     0    65     1     4
 -2.0270111599535534E+00 a       773     0    65     1     5
 -1.6100011772054696E+00 a       774     0    65     1     6
  6.6483793047379312E+00 a       775     0    65     1     7
 -2.2925130340430955E+00 a       776     0    65     1     8
  2.2275030203306767E+00 a       777     0    65     1     9
  1.7770395368948633E+00 a       778     0    65     1    10
 -1.9791160082712678E+00 a       779     0    65     1    11
 -1.9885964638368185E+00 a       780     0    65     1    12
  2.8244011883978875E+00 a       781     0    66     1     1
  1.2650992090923761E+00 a       782     0    66     1     2
  9.3817975732261949E-01 a       783     0    66     1     3
  3.5187468324591475E+00 a       784     0    66     1     4
  2.5516146487167339E+00 a       785     0    66     1     5
  1.7731044090441825E+00 a       786     0    66     1     6
 -2.0834392151209622E+00 a       787     0    66     1     7
 -7.9937317220345649E-01 a       788     0    66     1     8
  4.7565303466724451E-01 a       789     0    66     1     9
  1.3324767788377661E+00 a       790     0    66     1    10
 -2.3304821022548334E+00 a       791     0    66     1    11
 -5.0536374920095140E-01 a       792     0    66     1    12
 -2.9707590620212981E-01 a       793     0    67     1     1
  8.3590124666765553E-01 a       794     0    67     1     2
 -1.6616244710760089E+00 a       795     0    67     1     3
 -1.1632224962894699E+00 a       796     0    67     1     4
 -3.2667769251087908E-01 a       797     0    67     1     5
 -1.0556057369566465E+00 a       798     0    67     1     6
 -2.8856214651574370E+00 a       799     0    67     1     7
  1.7780421239072204E+00 a       800     0    67     1     8
  8.1298368417829092E-01 a       801     0    67     1     9
  1.1998182634246110E-01 a       802     0    67     1    10
  1.5596455788156762E+00 a       803     0    67     1    11
  6.1597984362440725E-02 a       804     0    67     1    12
 -1.1256027953898053E+00 a       805     0    68     1     1
  1.5746144547224644E-01 a       806     0    68     1     2
 -3.1839070537161840E+00 a       807     0    68     1     3
 -3.7591674349973356E+00 a       808     0    68     1     4
 -2.6108352330911275E+00 a       809     0    68     1     5
 -3.8825156629378457E+00 a       810     0    68     1     6
 -9.4045680440390256E-01 a       811     0    68     1     7
  8.1107999308709322E-02 a       812     0    68     1     8
 -4.0478593388603743E+00 a       813     0    68     1     9
 -1.5834936351249018E+00 a       814     0    68     1    10
  1.4975734124967337E+00 a       815     0    68     1    11
 -3.5109366982125514E+00 a       816     0    68     1    12
  1.9987279465060086E+00 a       817     0    69     1     1
  2.2836201734523862E+00 a       818     0    69     1     2
 -9.7166948770329107E+00 a       819     0    69     1     3
 -9.2155577225263641E-01 a       820     0    69     1     4
  2.8857353259605274E+00 a       821     0    69     1     5
  2.0526428125088967E+00 a       822     0    69     1     6
 -5.7563395130329802E+00 a       823     0    69     1     7
  2.4173997170847406E+00 a       824     0    69     1     8
 -2.8671738275934691E+00 a       825     0    69     1     9
 -2.5180894921783108E+00 a       826     0    69     1    10
  1.1644492430902524E+00 a       827     0    69     1    11
  2.3473178533828065E+00 a       828     0    69     1    12
 -3.1725177721076703E+00 a       829     0    70     1     1
 -5.7761501848353403E-01 a       830     0    70     1     2
  1.3432726449897552E+00 a       831     0    70     1     3
 -2.9348525942133277E+00 a       832     0    70     1     4
 -1.7055368847745478E+00 a       833     0    70     1     5
  3.4795974287302334E-01 a       834     0    70     1     6
  2.1907549623322056E+00 a       835     0    70     1     7
  4.4946629691855433E-01 a       836     0    70     1     8
 -1.7443362814531993E-01 a       837     0    70     1     9
  5.0141254758878628E-01 a       838     0    70     1    10
  2.2094070720514112E+00 a       839     0    70     1    11
  1.9896057538006471E+00 a       840     0    70     1    12
 -9.6517747923281838E-01 a       841     0    71     1     1
 -2.3536981086319129E+00 a       842     0    71     1     2
  8.8789265311776848E+00 a       843     0    71     1     3
  1.8928172257153719E+00 a       844     0    71     1     4
 -1.3483881362259735E+00 a       845     0    71     1     5
 -4.7062172156074489E-01 a       846     0    71     1     6
  8.1865984575693602E+00 a       847     0    71     1     7
 -3.6390860331942596E+00 a       848     0    71     1     8
  1.3500402906109787E+00 a       849     0    71     1     9
  1.6564938973505043E+00 a       850     0    71     1    10
 -2.5903288690966915E+00 a       851     0    71     1    11
 -1.8435007024211643E+00 a       852     0    71     1    12
  2.7587476103827249E+00 a       853     0    72     1     1
 -7.5345044273171924E-01 a       854     0    72     1     2
  1.0315346540347416E+00 a       855     0    72     1     3
  6.2791640688439028E+00 a       856     0    72     1     4
  3.4223546271191561E+00 a       857     0    72     1     5
  3.6671396543843064E+00 a       858     0    72     1     6
 -7.2464325513598493E-01 a       859     0    72     1     7
 -9.7661166372240071E-01 a       860     0    72     1     8
  4.0306598090084238E+00 a       861     0    72     1     9
  1.8579426859530714E+00 a       862     0    72     1    10
 -3.1536067624658415E+00 a       863     0    72     1    11
  2.7766674335182717E+00 a       864     0    72     1    12
  3.4018267803957769E-01 a       865     0    73     1     1
  4.1476128510013088E-01 a       866     0    73     1     2
 -1.9503618281405493E+00 a       867     0    73     1     3
 -8.5689831034761776E-01 a       868     0    73     1     4
 -1.5968981466745886E+00 a       869     0    73     1     5
 -8.6096523289141613E-01 a       870     0    73     1     6
 -3.9794713247341598E+00 a       871     0    73     1     7
  1.3569697092455220E+00 a       872     0    73     1     8
  7.1520772728358983E-01 a       873     0    73     1     9
  2.9622043892378674E-01 a       874     0    73     1    10
  1.8505129324219018E+00 a       875     0    73     1    11
  1.1381882992548962E+00 a       876     0    73     1    12
  1.5900248794898975E+00 a       877     0    74     1     1
  9.0809207666978931E-01 a       878     0    74     1     2
 -3.4311037354736422E+00 a       879     0    74     1     3
 -2.7668745746773951E+00 a       880     0    74     1     4
 -2.0671924553842644E+00 a       881     0    74     1     5
 -2.7452741932610905E+00 a       882     0    74     1     6
  1.8271361201744338E-01 a       883     0    74     1     7
  7.7350593432338421E-01 a       884     0    74     1     8
 -3.6224318476456849E+00 a       885     0    74     1     9
 -3.4647987326157073E+00 a       886     0    74     1    10
  5.1405048766051409E-01 a       887     0    74     1    11
 -3.7582514266332128E+00 a       888     0    74     1    12
  1.9925872680383344E-02 a       889     0    75     1     1
  3.9916987413420113E-01 a       890     0    75     1     2
 -4.0424254415086383E+00 a       891     0    75     1     3
 -3.6369725456222513E-01 a       892     0    75     1     4
  2.7884856078108955E+00 a       893     0    75     1     5
  1.3955477444836089E+00 a       894     0    75     1     6
 -7.4792155632058321E-01 a       895     0    75     1     7
  1.4828939120486098E+00 a       896     0    75     1     8
 -1.8924903938828639E+00 a       897     0    75     1     9
 -2.8068559552443899E+00 a       898     0    75     1    10
 -2.5365454022953227E-01 a       899     0    75     1    11
  5.0584414974961389E-01 a       900     0    75     1    12
 -2.6345498201597106E+00 a       901     0    76     1     1
  5.6304452521462378E-01 a       902     0    76     1     2
  4.8135602614960273E+00 a       903     0    76     1     3
 -3.6016487488686031E+00 a       904     0    76     1     4
 -1.2190128910920899E+00 a       905     0    76     1     5
  1.3547549228568592E+00 a       906     0    76     1     6
  2.0585935944720735E-01 a       907     0    76     1     7
  8.4330875035013603E-02 a       908     0    76     1     8
  8.4225021249516474E-01 a       909     0    76     1     9
  9.8837770697098315E-01 a       910     0    76     1    10
  2.3020111583880132E+00 a       911     0    76     1    11
  1.5300774790683327E+00 a       912     0    76     1    12
 -4.5799960530885454E-02 a       913     0    77     1     1
 -6.6676401892756776E-01 a       914     0    77     1     2
  5.4013169326058943E+00 a       915     0    77     1     3
  1.5475132449278626E+00 a       916     0    77     1     4
 -3.0635902856292612E+00 a       917     0    77     1     5
 -3.2246135751021368E+00 a       918     0    77     1     6
  2.2986657087744140E+00 a       919     0    77     1     7
 -2.9429753187265972E+00 a       920     0    77     1     8
  3.3206792907409675E+00 a       921     0    77     1     9
  3.5221206799580278E+00 a       922     0    77     1    10
 -1.8750304044093856E-02 a       923     0    77     1    11
 -1.0577722505607632E+00 a       924     0    77     1    12
  1.1632263351550289E+00 a       925     0    78     1     1
 -2.9584521191387854E+00 a       926     0    78     1     2
 -3.1084058810351607E+00 a       927     0    78     1     3
  5.7225253340199904E+00 a       928     0    78     1     4
  3.4995313149981007E+00 a       929     0    78     1     5
 -5.4150359446893992E-01 a       930     0    78     1     6
 -2.3243115620327353E+00 a       931     0    78     1     7
 -1.1127307394618735E+00 a       932     0    78     1     8
  3.4140908874306999E+00 a       933     0    78     1     9
  1.3120079650314296E+00 a       934     0    78     1    10
 -2.7028475490480455E+00 a       935     0    78     1    11
  5.8579437326272266E-01 a       936     0    78     1    12
  2.2734514541642619E+00 a       937     0    79     1     1
  4.4734461076319010E-02 a       938     0    79     1     2
 -1.2211539037286880E+01 a       939     0    79     1     3
 -2.9966022518411215E+00 a       940     0    79     1     4
  9.3380378670909092E-01 a       941     0    79     1     5
 -4.5724486736608139E-01 a       942     0    79     1     6
 -6.4771217198055258E+00 a       943     0    79     1     7
  4.1474025541023565E+00 a       944     0    79     1     8
 -7.9642719295106679E-01 a       945     0    79     1     9
 -4.8294959079697115E+00 a       946     0    79     1    10
  3.3277175776651489E+00 a       947     0    79     1    11
  3.2638203902515044E+00 a       948     0    79     1    12
 -8.1316922788272372E-01 a       949     0    80     1     1
  2.0410438506922692E+00 a       950     0    80     1     2
 -4.9610108686168557E+00 a       951     0    80     1     3
 -1.9831417622287488E+00 a       952     0    80     1     4
  1.2943254288213739E+00 a       953     0    80     1     5
 -3.2535081398390950E+00 a       954     0    80     1     6
  3.0216702017977375E+00 a       955     0    80     1     7
  3.1819785333982651E+00 a       956     0    80     1     8
 -5.4178619508956984E+00 a       957     0    80     1     9
 -2.2162793885143555E+00 a       958     0    80     1    10
 -2.8839094379708427E-02 a       959     0    80     1    11
 -2.5096988344392184E+00 a       960     0    80     1    12
 -1.5327658568879128E+00 a       961     0    81     1     1
 -1.2823728693860603E+00 a       962     0    81     1     2
  4.4809460854264671E+00 a       963     0    81     1     3
 -2.1165817856668179E-01 a       964     0    81     1     4
  3.3528312928962469E+00 a       965     0    81     1     5
  1.0166595306246855E+00 a       966     0    81     1     6
  4.7238542976481943E+00 a       967     0    81     1     7
  1.7589115874762817E+00 a       968     0    81     1     8
 -1.2459417019820735E+00 a       969     0    81     1     9
 -1.6235317187134459E+00 a       970     0    81     1    10
 -1.4650325577653203E+00 a       971     0    81     1    11
 -7.2364631966910076E-01 a       972     0    81     1    12
 -1.0754304788466542E+00 a       973     0    82     1     1
  8.9323622218703735E-01 a       974     0    82     1     2
  6.3756302029126584E+00 a       975     0    82     1     3
 -2.9879896049717716E+00 a       976     0    82     1     4
 -1.2840782414069274E+00 a       977     0    82     1     5
  3.1792555426194280E+00 a       978     0    82     1     6
 -8.9672814122849587E-01 a       979     0    82     1     7
  1.7651204370668496E+00 a       980     0    82     1     8
  6.9044346265591527E-01 a       981     0    82     1     9
  7.2798575135308241E-01 a       982     0    82     1    10
  4.3365149645686376E+00 a       983     0    82     1    11
 -1.7632769399340656E-01 a       984     0    82     1    12
 -4.8958109777411035E-01 a       985     0    83     1     1
  9.1694761470749342E-01 a       986     0    83     1     2
  3.2653982204841605E+00 a       987     0    83     1     3
  9.2327593023677113E-01 a       988     0    83     1     4
 -1.6489781562534376E+00 a       989     0    83     1     5
 -3.7966824487531650E+00 a       990     0    83     1     6
 -2.1814820683390663E+00 a       991     0    83     1     7
 -3.3166470709612863E+00 a       992     0    83     1     8
  4.0605740675925297E+00 a       993     0    83     1     9
  4.0452657806846268E+00 a       994     0    83     1    10
 -3.8239530960806911E-01 a       995     0    83     1    11
 -1.2000651421171564E+00 a       996     0    83     1    12
  1.8837547584403913E+00 a       997     0    84     1     1
 -4.3234420489511463E+00 a       998     0    84     1     2
 -2.1231735858709260E+00 a       999     0    84     1     3
  4.2385823725223561E+00 a      1000     0    84     1     4
 -9.5561764794486159E-01 a      1001     0    84     1     5
  2.9991671464255099E+00 a      1002     0    84     1     6
 -4.1126451368064743E+00 a      1003     0    84     1     7
 -2.9152807481518144E+00 a      1004     0    84     1     8
  2.8754982471350501E+00 a      1005     0    84     1     9
  2.1118081077113384E+00 a      1006     0    84     1    10
 -1.1874261494190621E+00 a      1007     0    84     1    11
 -1.6780205426297061E+00 a      1008     0    84     1    12
 -1.3918294104588795E+00 a      1009     0    85     1     1
  1.6920622204246677E-01 a      1010     0    85     1     2
 -1.2023112557775502E+00 a      1011     0    85     1     3
 -1.1843644653272338E+00 a      1012     0    85     1     4
  2.7036970428359757E+00 a      1013     0    85     1     5
  4.3681788341782939E+00 a      1014     0    85     1     6
  3.8433924566704132E+00 a      1015     0    85     1     7
  3.7973935438486448E+00 a      1016     0    85     1     8
 -3.2111117983183037E+00 a      1017     0    85     1     9
 -1.4195777982303615E+00 a      1018     0    85     1    10
 -8.9547004106463146E-01 a      1019     0    85     1    11
  5.5123334024659953E-01 a      1020     0    85     1    12
 -1.8166930196081852E+00 a      1021     0    86     1     1
  3.0307275894219528E+00 a      1022     0    86     1     2
 -2.7619237619247046E+00 a      1023     0    86     1     3
 -6.5520016287086502E+00 a      1024     0    86     1     4
 -5.0226660116111943E-01 a      1025     0    86     1     5
  1.9306267251268465E+00 a      1026     0    86     1     6
  6.3184386982527130E+00 a      1027     0    86     1     7
  2.5155493349708582E+00 a      1028     0    86     1     8
 -7.0202566289452326E+00 a      1029     0    86     1     9
  2.0729001530431019E+00 a      1030     0    86     1    10
  2.0454734429490462E+00 a      1031     0    86     1    11
 -1.0499610743622265E+00 a      1032     0    86     1    12
 -2.3079063527247392E+00 a      1033     0    87     1     1
 -1.0123089179572951E+00 a      1034     0    87     1     2
  3.7891237048847817E+00 a      1035     0    87     1     3
  3.9607625586305073E-01 a      1036     0    87     1     4
 -3.6792123738511817E-02 a      1037     0    87     1     5
 -4.2395857834000932E+00 a      1038     0    87     1     6
 -6.1143434761698612E-01 a      1039     0    87     1     7
 -1.7992982180009707E+00 a      1040     0    87     1     8
  3.9844577771437488E+00 a      1041     0    87     1     9
  4.4978404303514269E-01 a      1042     0    87     1    10
  7.9633805382726086E-01 a      1043     0    87     1    11
 -3.4736459645188766E+00 a      1044     0    87     1    12
  4.0380695667037481E+00 a      1045     0    88     1     1
 -1.1873564019648093E+00 a      1046     0    88     1     2
  2.7693463035180366E+00 a      1047     0    88     1     3
 -1.4092120660660949E+00 a      1048     0    88     1     4
 -5.5094640876357879E+00 a      1049     0    88     1     5
  9.4986041608894851E+00 a      1050     0    88     1     6
 -5.2906807922883843E+00 a      1051     0    88     1     7
  1.1501792048900750E+00 a      1052     0    88     1     8
  4.2295704139712340E+00 a      1053     0    88     1     9
 -2.9948968827919409E-01 a      1054     0    88     1    10
  4.7957023720444205E+00 a      1055     0    88     1    11
 -2.1549491507884899E+00 a      1056     0    88     1    12
  1.4954936051574161E+00 a      1057     0    89     1     1
  6.1612723732890817E-01 a      1058     0    89     1     2
  3.6277958814137989E-01 a      1059     0    89     1     3
 -1.1068185086355316E+00 a      1060     0    89     1     4
  7.0095629103903434E-01 a      1061     0    89     1     5
  9.7029597553130242E-01 a      1062     0    89     1     6
  8.0939439169298455E-01 a      1063     0    89     1     7
  1.3101400388491813E+00 a      1064     0    89     1     8
 -1.8972771404141384E+00 a      1065     0    89     1     9
  3.6995202132126764E-01 a      1066     0    89     1    10
 -1.3880993216037212E+00 a      1067     0    89     1    11
  1.0555162371785964E+00 a      1068     0    89     1    12
 -5.5191286828569741E-01 a      1069     0    90     1     1
  4.4287503051154775E-01 a      1070     0    90     1     2
 -2.7061903813145388E-01 a      1071     0    90     1     3
  9.3433986107293954E-01 a      1072     0    90     1     4
  6.9618201322314688E-01 a      1073     0    90     1     5
 -1.7778062511666621E+00 a      1074     0    90     1     6
  9.1717187561629221E-02 a      1075     0    90     1     7
 -1.0723496121586321E-01 a      1076     0    90     1     8
 -6.9574251738012377E-02 a      1077     0    90     1     9
 -4.4401286675787416E-01 a      1078     0    90     1    10
 -1.6123731450473713E-01 a      1079     0    90     1    11
  3.8083408734869717E-01 a      1080     0    90     1    12
  1.0884985310255888E+00 a      1081     0    91     1     1
  2.8060263531598395E-01 a      1082     0    91     1     2
  1.2522813866236898E-01 a      1083     0    91     1     3
 -7.7198529649309633E-01 a      1084     0    91     1     4
  2.7612107911475764E-01 a      1085     0    91     1     5
  6.0423618871998175E-01 a      1086     0    91     1     6
  3.0579575342841792E-01 a      1087     0    91     1     7
  9.4026400241907149E-01 a      1088     0    91     1     8
 -1.3015749709850608E+00 a      1089     0    91     1     9
  2.8530251044091892E-01 a      1090     0    91     1    10
 -7.2070340166569635E-01 a      1091     0    91     1    11
  8.4628726449092118E-01 a      1092     0    91     1    12
 -3.6113691856585728E-01 a      1093     0    92     1     1
  3.5798319637981590E-01 a      1094     0    92     1     2
 -2.1211082936472417E-01 a      1095     0    92     1     3
  5.4250522491632935E-01 a      1096     0    92     1     4
  5.8116299887747236E-01 a      1097     0    92     1     5
 -1.4030711956114619E+00 a      1098     0    92     1     6
  1.5095080939223357E-01 a      1099     0    92     1     7
 -1.9850006357422739E-01 a      1100     0    92     1     8
 -2.0448258233598540E-01 a      1101     0    92     1     9
 -2.1047977072328530E-01 a      1102     0    92     1    10
 -4.3725728418049725E-02 a      1103     0    92     1    11
  3.0984428505985739E-01 a      1104     0    92     1    12
  4.8025210227042714E-01 a      1105     0    93     1     1
  2.7436301350383835E-01 a      1106     0    93     1     2
 -1.8707295750646361E-01 a      1107     0    93     1     3
 -3.2663148995130697E-01 a      1108     0    93     1     4
  1.6998424900312487E-01 a      1109     0    93     1     5
  4.0117119579657462E-01 a      1110     0    93     1     6
  7.2515232303330956E-02 a      1111     0    93     1     7
  4.0431664850891369E-01 a      1112     0    93     1     8
 -4.3881795330214141E-01 a      1113     0    93     1     9
  1.7274926393520965E-02 a      1114     0    93     1    10
 -2.9580435267290467E-01 a      1115     0    93     1    11
  4.7251020139543687E-01 a      1116     0    93     1    12
 -4.1522739459609950E-02 a      1117     0    94     1     1
  1.0291720964713701E-01 a      1118     0    94     1     2
 -3.0493012357190924E-01 a      1119     0    94     1     3
  3.1807670848035519E-01 a      1120     0    94     1     4
  2.4231359766853408E-01 a      1121     0    94     1     5
 -6.8102978255903357E-01 a      1122     0    94     1     6
  3.8839538189327028E-03 a      1123     0    94     1     7
  1.0048948944531477E-01 a      1124     0    94     1     8
 -8.0327701506805294E-02 a      1125     0    94     1     9
 -1.1646146198337547E-01 a      1126     0    94     1    10
 -1.5268498380129836E-01 a      1127     0    94     1    11
  2.4192971950049000E-01 a      1128     0    94     1    12
  3.9406120401636074E-01 a      1129     0    95     1     1
 -5.6449026353799586E-02 a      1130     0    95     1     2
 -8.9484627453179824E-02 a      1131     0    95     1     3
 -1.3418455432673568E-01 a      1132     0    95     1     4
  1.7583264563984011E-01 a      1133     0    95     1     5
 -7.6531642887437690E-02 a      1134     0    95     1     6
 -3.1590668807211286E-02 a      1135     0    95     1     7
  2.3262424134457543E-01 a      1136     0    95     1     8
 -1.3292505859693413E-01 a      1137     0    95     1     9
 -9.5910172638144775E-02 a      1138     0    95     1    10
 -1.7440087549804945E-01 a      1139     0    95     1    11
  2.9837726798716135E-01 a      1140     0    95     1    12
 -1.2897811659264832E-01 a      1141     0    96     1     1
  1.2528803097605892E-01 a      1142     0    96     1     2
 -1.9250781345873177E-01 a      1143     0    96     1     3
  4.8789134354551636E-02 a      1144     0    96     1     4
  2.4434929639165276E-01 a      1145     0    96     1     5
 -3.9515321013284266E-01 a      1146     0    96     1     6
  1.7657056412581692E-02 a      1147     0    96     1     7
 -9.1520212133976361E-02 a      1148     0    96     1     8
  1.0266974447843469E-02 a      1149     0    96     1     9
 -5.2319312341842505E-02 a      1150     0    96     1    10
 -1.5240955710086218E-01 a      1151     0    96     1    11
  2.0734514687704703E-01 a      1152     0    96     1    12
  5.1017469050864114E-02 a      1153     0    97     1     1
  6.8367949142400394E-02 a      1154     0    97     1     2
  5.3750324052216726E-02 a      1155     0    97     1     3
  1.4244966190986341E-02 a      1156     0    97     1     4
  3.1696774375167366E-02 a      1157     0    97     1     5
 -5.4362399081698872E-03 a      1158     0    97     1     6
  5.0170634443642767E-02 a      1159     0    97     1     7
  2.0632961615990436E-01 a      1160     0    97     1     8
  8.0586405209939579E-02 a      1161     0    97     1     9
 -2.0387860125961138E-01 a      1162     0    97     1    10
  6.3634648440092006E-02 a      1163     0    97     1    11
 -2.7240124256400020E-02 a      1164     0    97     1    12
 -8.5593731794007574E-02 a      1165     0    98     1     1
  5.9085497976673326E-02 a      1166     0    98     1     2
  1.6955463838072823E-01 a      1167     0    98     1     3
 -9.6991828293076995E-02 a      1168     0    98     1     4
  1.9217537368547399E-01 a      1169     0    98     1     5
 -1.7223287333239368E-01 a      1170     0    98     1     6
  7.8284130243986241E-02 a      1171     0    98     1     7
  6.9840996594434337E-02 a      1172     0    98     1     8
 -2.0303409766435362E-01 a      1173     0    98     1     9
  1.8144672328631811E-01 a      1174     0    98     1    10
 -1.3726661953522731E-01 a      1175     0    98     1    11
  2.8863185380409509E-02 a      1176     0    98     1    12
  2.5919008672976179E-01 a      1177     0    99     1     1
  7.5611552198313781E-02 a      1178     0    99     1     2
  4.1153572859348414E-01 a      1179     0    99     1     3
  1.3086350363405458E-01 a      1180     0    99     1     4
  7.0987635178036426E-02 a      1181     0    99     1     5
  1.1731737980853810E-01 a      1182     0    99     1     6
 -4.3598746833934283E-02 a      1183     0    99     1     7
  2.4185633236855555E-01 a      1184     0    99     1     8
 -9.2180956045062171E-02 a      1185     0    99     1     9
  5.0556241083590248E-03 a      1186     0    99     1    10
  3.4360802035943543E-02 a      1187     0    99     1    11
  3.1479952792409713E-02 a      1188     0    99     1    12
 -4.2053310739656909E-02 a      1189     0   100     1     1
 -6.2706824738994818E-02 a      1190     0   100     1     2
  2.3146774828078442E-01 a      1191     0   100     1     3
  9.7179939231407761E-02 a      1192     0   100     1     4
  6.2408407378890411E-02 a      1193     0   100     1     5
 -6.1521851977443306E-03 a      1194     0   100     1     6
 -3.1576770745063806E-02 a      1195     0   100     1     7
  5.3061636891326036E-02 a      1196     0   100     1     8
 -3.8726775480713502E-02 a      1197     0   100     1     9
  1.4441642122327082E-02 a      1198     0   100     1    10
  7.1059714431752517E-03 a      1199     0   100     1    11
  5.8263150815379340E-02 a      1200     0   100     1    12
  2.3243427717913523E-01 a      1201     0   101     1     1
 -1.9976409304401043E-02 a      1202     0   101     1     2
  4.8835984538083221E-01 a      1203     0   101     1     3
 -3.3569937015110185E-02 a      1204     0   101     1     4
  3.3214008372816850E-02 a      1205     0   101     1     5
  1.5002432381371261E-01 a      1206     0   101     1     6
  1.3031078584896144E-01 a      1207     0   101     1     7
  2.2090017734230690E-02 a      1208     0   101     1     8
 -4.9340912174405525E-02 a      1209     0   101     1     9
  3.6145131249090544E-02 a      1210     0   101     1    10
 -1.6627619053265269E-01 a      1211     0   101     1    11
  9.3518515856589601E-02 a      1212     0   101     1    12
  7.2351702746473789E-02 a      1213     0   102     1     1
  1.3313841823657474E-01 a      1214     0   102     1     2
  1.2376843313649194E-01 a      1215     0   102     1     3
 -8.5302662397289813E-02 a      1216     0   102     1     4
  1.0449695642027672E-01 a      1217     0   102     1     5
  2.0567004067918221E-01 a      1218     0   102     1     6
  8.2474976252605095E-02 a      1219     0   102     1     7
  1.0749365325819309E-01 a      1220     0   102     1     8
  1.2252920762872913E-01 a      1221     0   102     1     9
  8.1902944151101172E-03 a      1222     0   102     1    10
 -4.5356114950894262E-02 a      1223     0   102     1    11
  2.0837685946705645E-01 a      1224     0   102     1    12
 -4.7254171788073458E-02 a      1225     0   103     1     1
 -9.1372516697722200E-02 a      1226     0   103     1     2
  2.6771188568819149E-01 a      1227     0   103     1     3
  5.5256289325425714E-02 a      1228     0   103     1     4
 -6.9776554938975388E-02 a      1229     0   103     1     5
  3.4287821750336053E-02 a      1230     0   103     1     6
  2.3203974580107345E-01 a      1231     0   103     1     7
 -2.0402485023951972E-01 a      1232     0   103     1     8
 -1.7792638155840454E-01 a      1233     0   103     1     9
 -1.6902284234671681E-02 a      1234     0   103     1    10
 -2.9701634484486888E-01 a      1235     0   103     1    11
  9.3252233984669503E-02 a      1236     0   103     1    12
  3.2621151788577600E-02 a      1237     0   104     1     1
  8.4989184553763961E-02 a      1238     0   104     1     2
  9.3253220832861458E-02 a      1239     0   104     1     3
 -4.9002043000496029E-02 a      1240     0   104     1     4
  8.1748005592596804E-02 a      1241     0   104     1     5
  6.0628982630707727E-02 a      1242     0   104     1     6
  1.7186800712926115E-01 a      1243     0   104     1     7
  2.5769414398278451E-01 a      1244     0   104     1     8
  3.6493501161863495E-01 a      1245     0   104     1     9
  6.8854011777042326E-02 a      1246     0   104     1    10
  8.1133183542786674E-02 a      1247     0   104     1    11
  1.6880611279462240E-01 a      1248     0   104     1    12
  9.2118065422184081E-01 a      1249     0   105     1     1
 -4.2662941994359249E-01 a      1250     0   105     1     2
  3.2558587388029756E+00 a      1251     0   105     1     3
  6.9554403848141910E-01 a      1252     0   105     1     4
 -1.9605338163947861E-01 a      1253     0   105     1     5
  3.9175360309112928E-01 a      1254     0   105     1     6
  5.5442548609716102E-01 a      1255     0   105     1     7
 -7.8767981032762058E-01 a      1256     0   105     1     8
 -5.6707711232143332E-01 a      1257     0   105     1     9
 -5.1966250594984420E-01 a      1258     0   105     1    10
 -7.6618306196833663E-01 a      1259     0   105     1    11
 -4.0413801954208357E-02 a      1260     0   105     1    12
  1.3848688706963723E+00 a      1261     0   106     1     1
  4.9913546550840782E-01 a      1262     0   106     1     2
  6.5555918409602243E-01 a      1263     0   106     1     3
  1.6411969338702546E+00 a      1264     0   106     1     4
  1.5446843608430325E+00 a      1265     0   106     1     5
  1.8808684056077032E+00 a      1266     0   106     1     6
 -7.7389729876974822E-01 a      1267     0   106     1     7
 -4.9929266127058813E-01 a      1268     0   106     1     8
  3.2926306904339531E-01 a      1269     0   106     1     9
  1.2701736355094899E+00 a      1270     0   106     1    10
 -3.0756359891497487E-01 a      1271     0   106     1    11
  3.8362560125765617E-02 a      1272     0   106     1    12
 -5.8504913474795239E-01 a      1273     0   107     1     1
 -3.5003965421698413E-01 a      1274     0   107     1     2
  2.9241112626171955E+00 a      1275     0   107     1     3
  2.9652182625887902E-01 a      1276     0   107     1     4
 -9.8415049473841976E-01 a      1277     0   107     1     5
 -9.8328392028144829E-01 a      1278     0   107     1     6
  1.5811355666561207E+00 a      1279     0   107     1     7
 -3.8202871494299856E-01 a      1280     0   107     1     8
  1.1722898062900833E+00 a      1281     0   107     1     9
  4.7659626753386586E-01 a      1282     0   107     1    10
  7.2826007499951328E-02 a      1283     0   107     1    11
 -8.4469081141713198E-01 a      1284     0   107     1    12
  8.1334800617952430E-01 a      1285     0   108     1     1
  7.1481861566527538E-01 a      1286     0   108     1     2
 -5.7967345104787327E-01 a      1287     0   108     1     3
  9.4589437395531961E-01 a      1288     0   108     1     4
 -2.3907250191227286E-01 a      1289     0   108     1     5
 -2.6503537092121326E-01 a      1290     0   108     1     6
 -9.7737336553101706E-01 a      1291     0   108     1     7
 -9.9118690966156897E-01 a      1292     0   108     1     8
 -8.0098802195670626E-01 a      1293     0   108     1     9
  1.2504742658688531E-01 a      1294     0   108     1    10
 -2.4946312272249249E-02 a      1295     0   108     1    11
 -1.0547679448534688E+00 a      1296     0   108     1    12
 -5.9324372845550644E-01 a      1297     0   109     1     1
  6.1859261873770444E-01 a      1298     0   109     1     2
 -2.7589104680912890E+00 a      1299     0   109     1     3
 -8.3144975253463027E-01 a      1300     0   109     1     4
  1.8450699056005854E-01 a      1301     0   109     1     5
 -4.8433184849060557E-01 a      1302     0   109     1     6
 -1.4675621511615518E+00 a      1303     0   109     1     7
  7.2210722145853623E-01 a      1304     0   109     1     8
  6.1532265973758704E-01 a      1305     0   109     1     9
  2.7385879322839379E-01 a      1306     0   109     1    10
  9.9782585014017777E-01 a      1307     0   109     1    11
  1.2930343243659118E-01 a      1308     0   109     1    12
 -1.0781698065444640E+00 a      1309     0   110     1     1
 -1.9931263630430165E-01 a      1310     0   110     1     2
 -1.4360269643747636E+00 a      1311     0   110     1     3
 -1.4469294169669802E+00 a      1312     0   110     1     4
 -1.7922491553859219E+00 a      1313     0   110     1     5
 -2.1685929840946958E+00 a      1314     0   110     1     6
  3.5655788550727679E-01 a      1315     0   110     1     7
 -1.5782807290411240E-02 a      1316     0   110     1     8
 -9.2618741208512778E-01 a      1317     0   110     1     9
 -1.0985169861862076E+00 a      1318     0   110     1    10
  9.3637695694476319E-01 a      1319     0   110     1    11
 -6.5470586084700555E-01 a      1320     0   110     1    12
  7.5512364421339362E-01 a      1321     0   111     1     1
  9.3732809141825668E-01 a      1322     0   111     1     2
 -4.0463063511620581E+00 a      1323     0   111     1     3
 -1.8393866725375715E-01 a      1324     0   111     1     4
  1.0415218351580500E+00 a      1325     0   111     1     5
  8.4187214182852743E-01 a      1326     0   111     1     6
 -2.1848311218972358E+00 a      1327     0   111     1     7
  6.5499872537017900E-01 a      1328     0   111     1     8
 -1.2725352214844114E+00 a      1329     0   111     1     9
 -4.2238992357788929E-01 a      1330     0   111     1    10
  3.1685602261282791E-01 a      1331     0   111     1    11
  8.5013784218817856E-01 a      1332     0   111     1    12
 -1.0238526025890564E+00 a      1333     0   112     1     1
 -5.8838391747870533E-01 a      1334     0   112     1     2
  7.5870219347805509E-02 a      1335     0   112     1     3
 -1.3419213030049053E+00 a      1336     0   112     1     4
 -6.3938549796277389E-01 a      1337     0   112     1     5
 -4.9608119315025945E-01 a      1338     0   112     1     6
  1.4149376118187658E+00 a      1339     0   112     1     7
  8.1512350093235164E-01 a      1340     0   112     1     8
  5.5109126712019185E-01 a      1341     0   112     1     9
 -7.0966057928760851E-01 a      1342     0   112     1    10
  6.6592719689922009E-01 a      1343     0   112     1    11
  6.2298258368460091E-01 a      1344     0   112     1    12
  4.2090592754621414E-01 a      1345     0   113     1     1
 -3.9586401360469980E-01 a      1346     0   113     1     2
  1.7834517316850245E+00 a      1347     0   113     1     3
  5.5787250893144547E-01 a      1348     0   113     1     4
  1.0598820549628560E-01 a      1349     0   113     1     5
  6.3379092969816975E-01 a      1350     0   113     1     6
  1.3967846078425679E+00 a      1351     0   113     1     7
 -6.6857167697640774E-01 a      1352     0   113     1     8
 -5.1615679079567078E-01 a      1353     0   113     1     9
 -7.6552501238841525E-02 a      1354     0   113     1    10
 -7.2706693530403999E-01 a      1355     0   113     1    11
  3.1437337093653525E-02 a      1356     0   113     1    12
  6.7644431178840281E-01 a      1357     0   114     1     1
 -1.8679523712272406E-01 a      1358     0   114     1     2
  1.3279905685375100E+00 a      1359     0   114     1     3
  1.1279539470718918E+00 a      1360     0   114     1     4
  1.3789498401304410E+00 a      1361     0   114     1     5
  1.6468194890071624E+00 a      1362     0   114     1     6
  3.5091616532944514E-01 a      1363     0   114     1     7
  3.2000637344010185E-01 a      1364     0   114     1     8
  1.6738277318677424E+00 a      1365     0   114     1     9
  8.1322305523284433E-01 a      1366     0   114     1    10
 -5.6772647322143122E-01 a      1367     0   114     1    11
  1.3231023708331906E+00 a      1368     0   114     1    12
 -5.3878672370157976E-01 a      1369     0   115     1     1
 -6.6655601228170713E-01 a      1370     0   115     1     2
  4.3081944664530916E+00 a      1371     0   115     1     3
  3.2716617453201385E-01 a      1372     0   115     1     4
 -7.2473508034862255E-01 a      1373     0   115     1     5
 -6.6182220779060130E-01 a      1374     0   115     1     6
  2.3770397621787684E+00 a      1375     0   115     1     7
 -5.9070021612643564E-01 a      1376     0   115     1     8
  7.6912178570336309E-01 a      1377     0   115     1     9
  5.6490967988110419E-01 a      1378     0   115     1    10
 -7.7454802735057138E-01 a      1379     0   115     1    11
 -6.4666470195880832E-01 a      1380     0   115     1    12
  1.1288718007558576E+00 a      1381     0   116     1     1
  4.2119198874481306E-01 a      1382     0   116     1     2
  5.0890883567124257E-01 a      1383     0   116     1     3
  1.2171024626836036E+00 a      1384     0   116     1     4
  9.5278661011672805E-01 a      1385     0   116     1     5
  8.4632335458310581E-01 a      1386     0   116     1     6
 -8.2112186624273487E-01 a      1387     0   116     1     7
 -2.6078672225486926E-01 a      1388     0   116     1     8
 -1.7642015756209892E-01 a      1389     0   116     1     9
  6.0267324719406912E-01 a      1390     0   116     1    10
 -1.0798662219750248E+00 a      1391     0   116     1    11
 -3.3886847369475626E-01 a      1392     0   116     1    12
  6.5982822697047291E-02 a      1393     0   117     1     1
  4.9056619550375208E-01 a      1394     0   117     1     2
 -8.2123883328014780E-01 a      1395     0   117     1     3
 -4.8179375143593556E-01 a      1396     0   117     1     4
  2.1136485210561859E-01 a      1397     0   117     1     5
 -2.7513033800509967E-01 a      1398     0   117     1     6
 -1.4993205824723623E+00 a      1399     0   117     1     7
  8.5776723866318449E-01 a      1400     0   117     1     8
  2.7429413860965796E-01 a      1401     0   117     1     9
 -2.5390104626380239E-01 a      1402     0   117     1    10
  6.4824713976155290E-01 a      1403     0   117     1    11
  2.2555050999886378E-01 a      1404     0   117     1    12
 -3.9313103257388227E-01 a      1405     0   118     1     1
  7.7912123998907568E-02 a      1406     0   118     1     2
 -8.1263251372251344E-01 a      1407     0   118     1     3
 -1.5206809067619464E+00 a      1408     0   118     1     4
 -9.5231128480388805E-01 a      1409     0   118     1     5
 -1.1687177176946568E+00 a      1410     0   118     1     6
 -2.5678476808013251E-01 a      1411     0   118     1     7
 -8.3484527060543726E-02 a      1412     0   118     1     8
 -1.8859363089701646E+00 a      1413     0   118     1     9
 -4.5519534061346734E-01 a      1414     0   118     1    10
  7.4781577095520402E-01 a      1415     0   118     1    11
 -1.3623738786635133E+00 a      1416     0   118     1    12
  5.4154621703168881E-01 a      1417     0   119     1     1
  8.2438587064571112E-01 a      1418     0   119     1     2
 -2.9668539763442570E+00 a      1419     0   119     1     3
 -2.6494604015385287E-01 a      1420     0   119     1     4
  9.0593045345465828E-01 a      1421     0   119     1     5
  5.9421112063830717E-01 a      1422     0   119     1     6
 -1.6299030018889786E+00 a      1423     0   119     1     7
  8.9925947925077832E-01 a      1424     0   119     1     8
 -6.4669454810201543E-01 a      1425     0   119     1     9
 -6.7188630093696455E-01 a      1426     0   119     1    10
  3.2165394731637198E-01 a      1427     0   119     1    11
  8.1054979028710872E-01 a      1428     0   119     1    12
 -7.4913334387087949E-01 a      1429     0   120     1     1
 -2.0182200921035462E-01 a      1430     0   120     1     2
  2.0679841014030900E-01 a      1431     0   120     1     3
 -7.0430034435266042E-01 a      1432     0   120     1     4
 -6.5752479560869614E-01 a      1433     0   120     1     5
  3.2758148094297099E-02 a      1434     0   120     1     6
  7.7893073439110017E-01 a      1435     0   120     1     7
  1.4410236550979724E-01 a      1436     0   120     1     8
 -5.4004472947555129E-02 a      1437     0   120     1     9
  2.7746073012427674E-01 a      1438     0   120     1    10
  5.9489881192641991E-01 a      1439     0   120     1    11
  5.6905934482938203E-01 a      1440     0   120     1    12
  2.1512524688764037E-01 a      1441     0   121     1     1
 -3.6579488522326908E-01 a      1442     0   121     1     2
  9.7086514844715088E-01 a      1443     0   121     1     3
  4.6731442556156888E-01 a      1444     0   121     1     4
 -4.2609597924326553E-01 a      1445     0   121     1     5
 -3.3312930155927227E-02 a      1446     0   121     1     6
  1.2447613273648255E+00 a      1447     0   121     1     7
 -8.2259414260323738E-01 a      1448     0   121     1     8
  2.4855792645696231E-01 a      1449     0   121     1     9
  1.1023735730758180E-01 a      1450     0   121     1    10
 -3.5478352993482681E-01 a      1451     0   121     1    11
 -2.5016334898756480E-02 a      1452     0   121     1    12
  8.4704037944684574E-01 a      1453     0   122     1     1
 -1.4066737856487249E-01 a      1454     0   122     1     2
 -2.6495962603127809E-01 a      1455     0   122     1     3
  1.2373905880010860E+00 a      1456     0   122     1     4
  3.4984658523947731E-01 a      1457     0   122     1     5
  7.9532345627489687E-01 a      1458     0   122     1     6
  1.3345220343630884E-01 a      1459     0   122     1     7
 -9.8266053577352533E-02 a      1460     0   122     1     8
  6.7976590794726488E-01 a      1461     0   122     1     9
 -5.8907699130096906E-02 a      1462     0   122     1    10
 -4.9425717399115981E-01 a      1463     0   122     1    11
  3.9957155910153525E-01 a      1464     0   122     1    12
 -1.6058255163623247E-02 a      1465     0   123     1     1
 -2.5343463941444383E-01 a      1466     0   123     1     2
 -6.5062242258086778E-01 a      1467     0   123     1     3
 -2.7377720215999035E-01 a      1468     0   123     1     4
 -4.6222503262054043E-02 a      1469     0   123     1     5
 -3.5448810835036532E-01 a      1470     0   123     1     6
 -3.6153474737908053E-01 a      1471     0   123     1     7
  2.3610791471018605E-01 a      1472     0   123     1     8
  2.7083050195002389E-01 a      1473     0   123     1     9
 -2.4801517278761839E-01 a      1474     0   123     1    10
  3.0553314858344455E-01 a      1475     0   123     1    11
  1.5631810474324923E-01 a      1476     0   123     1    12
  1.7939225452115865E-01 a      1477     0   124     1     1
  2.5756934025371803E-01 a      1478     0   124     1     2
  1.4536512095450804E-01 a      1479     0   124     1     3
 -9.8600696174220603E-01 a      1480     0   124     1     4
 -5.1742598277739860E-01 a      1481     0   124     1     5
 -1.6000876464078378E-01 a      1482     0   124     1     6
 -1.8745410569351180E-03 a      1483     0   124     1     7
  3.0513457501027696E-01 a      1484     0   124     1     8
 -4.1347614458689197E-01 a      1485     0   124     1     9
 -6.4286719862093722E-01 a      1486     0   124     1    10
  3.2433500370949619E-01 a      1487     0   124     1    11
 -5.1618862619335393E-01 a      1488     0   124     1    12
  4.0345754853082466E-01 a      1489     0   125     1     1
 -1.6749325222399936E-01 a      1490     0   125     1     2
 -1.4886684076674210E+00 a      1491     0   125     1     3
 -2.0360481745135497E-01 a      1492     0   125     1     4
 -3.3315010453319645E-02 a      1493     0   125     1     5
 -1.0267299734649540E+00 a      1494     0   125     1     6
 -5.8724685221790263E-01 a      1495     0   125     1     7
 -4.2022615908178684E-02 a      1496     0   125     1     8
  6.2236269404088929E-01 a      1497     0   125     1     9
 -5.1307311812817114E-01 a      1498     0   125     1    10
  4.6450089591231158E-01 a      1499     0   125     1    11
  1.7991473541376979E-01 a      1500     0   125     1    12
 -5.8158674932285026E-01 a      1501     0   126     1     1
 -4.9602336800617214E-01 a      1502     0   126     1     2
 -3.8554224002992898E-01 a      1503     0   126     1     3
  4.7391269629631444E-01 a      1504     0   126     1     4
  1.0761885289852640E+00 a      1505     0   126     1     5
 -1.8234391315550416E-01 a      1506     0   126     1     6
 -2.5364453162921874E-01 a      1507     0   126     1     7
  1.0586643242192649E-01 a      1508     0   126     1     8
  5.1688413609117545E-01 a      1509     0   126     1     9
  2.1062113157336443E-01 a      1510     0   126     1    10
 -1.6239414257457277E-01 a      1511     0   126     1    11
 -2.7881302487014845E-02 a      1512     0   126     1    12
  5.9779655941110699E-01 a      1513     0   127     1     1
 -2.6705324025805244E-01 a      1514     0   127     1     2
 -3.0207797836200689E+00 a      1515     0   127     1     3
 -8.9431516344680229E-01 a      1516     0   127     1     4
  4.1215419226954803E-01 a      1517     0   127     1     5
 -9.6327564115452036E-01 a      1518     0   127     1     6
 -1.4947194851440069E+00 a      1519     0   127     1     7
  9.9652937770600847E-01 a      1520     0   127     1     8
  4.4398871124123823E-01 a      1521     0   127     1     9
 -1.4163836692843348E+00 a      1522     0   127     1    10
  1.2301969305197553E+00 a      1523     0   127     1    11
  6.2343235319957768E-01 a      1524     0   127     1    12
 -1.8840535879575784E-01 a      1525     0   128     1     1
  1.1115058076199917E-01 a      1526     0   128     1     2
 -1.7110370417069007E+00 a      1527     0   128     1     3
  2.6784645335340501E-01 a      1528     0   128     1     4
  1.2750814986378887E+00 a      1529     0   128     1     5
 -8.7898641842512970E-01 a      1530     0   128     1     6
  6.5659908570081374E-02 a      1531     0   128     1     7
  1.0723822609408311E+00 a      1532     0   128     1     8
 -9.6241275166762941E-01 a      1533     0   128     1     9
 -3.9857712429629427E-01 a      1534     0   128     1    10
  5.1164054450881603E-02 a      1535     0   128     1    11
 -8.8684910602061251E-01 a      1536     0   128     1    12
 -3.2715889444067420E-01 a      1537     0   129     1     1
 -5.0144651362406989E-01 a      1538     0   129     1     2
 -1.4286917592362358E+00 a      1539     0   129     1     3
  1.8766356877466145E-01 a      1540     0   129     1     4
  3.7885030389237223E-01 a      1541     0   129     1     5
 -5.3431557824610609E-01 a      1542     0   129     1     6
 -6.5512194496306198E-01 a      1543     0   129     1     7
  4.4947110219286163E-01 a      1544     0   129     1     8
  2.7466386944318788E-01 a      1545     0   129     1     9
 -9.5822654143704689E-01 a      1546     0   129     1    10
  5.5146470248547796E-01 a      1547     0   129     1    11
 -1.3767600889291784E-02 a      1548     0   129     1    12
 -6.7555188074277428E-01 a      1549     0   130     1     1
  3.1719773345309971E-01 a      1550     0   130     1     2
  5.0189462659662720E-01 a      1551     0   130     1     3
 -1.5934450366362099E-01 a      1552     0   130     1     4
  3.1934838699714968E-01 a      1553     0   130     1     5
 -1.1463972447239450E-01 a      1554     0   130     1     6
 -1.0356075127728694E-01 a      1555     0   130     1     7
  9.9035146898601600E-01 a      1556     0   130     1     8
 -8.1921859782469697E-01 a      1557     0   130     1     9
 -1.7666183397719110E-01 a      1558     0   130     1    10
  3.6707603413294293E-01 a      1559     0   130     1    11
 -4.5578669764041352E-01 a      1560     0   130     1    12
 -1.8225435458995121E-01 a      1561     0   131     1     1
  5.8228528402945200E-02 a      1562     0   131     1     2
 -1.9114821263423483E+00 a      1563     0   131     1     3
  1.4144596287306261E+00 a      1564     0   131     1     4
 -1.5576828361747672E+00 a      1565     0   131     1     5
 -5.7527427489519567E-01 a      1566     0   131     1     6
 -1.3778721581746149E+00 a      1567     0   131     1     7
 -1.5405785266742080E+00 a      1568     0   131     1     8
  4.9594487197464115E-01 a      1569     0   131     1     9
  1.6807113041505437E-02 a      1570     0   131     1    10
  8.4516782593883311E-01 a      1571     0   131     1    11
 -9.8484795994042015E-02 a      1572     0   131     1    12
 -1.3455925846391668E+00 a      1573     0   132     1     1
  3.6202282086993415E-01 a      1574     0   132     1     2
 -3.3927530563370001E-01 a      1575     0   132     1     3
  2.0679194029635357E+00 a      1576     0   132     1     4
  2.0529838780918834E+00 a      1577     0   132     1     5
 -3.3595080323405506E+00 a      1578     0   132     1     6
  1.9016475625645854E-01 a      1579     0   132     1     7
 -5.6022362050301611E-01 a      1580     0   132     1     8
  1.5636177106291108E-01 a      1581     0   132     1     9
 -8.9026972875486921E-01 a      1582     0   132     1    10
 -2.6734512306732086E+00 a      1583     0   132     1    11
  2.0568167099827335E+00 a      1584     0   132     1    12
  2.4858300493755561E+00 a      1585     0   133     1     1
  1.2634765686045659E+00 a      1586     0   133     1     2
 -4.4726678610923942E+00 a      1587     0   133     1     3
  7.9762131796275626E-01 a      1588     0   133     1     4
 -2.1078502168526336E+00 a      1589     0   133     1     5
  2.4583399478194119E+00 a      1590     0   133     1     6
 -1.2403751454885896E+00 a      1591     0   133     1     7
 -5.9387880889448907E-01 a      1592     0   133     1     8
 -3.2864331974385945E+00 a      1593     0   133     1     9
  5.7483602842244234E-02 a      1594     0   133     1    10
  6.4164223160094891E-01 a      1595     0   133     1    11
  1.9659918156130343E+00 a      1596     0   133     1    12
 -3.2312699113688788E+00 a      1597     0   134     1     1
  2.3633412428219711E+00 a      1598     0   134     1     2
 -1.3557552137914810E+00 a      1599     0   134     1     3
  4.7352755825160715E+00 a      1600     0   134     1     4
  5.2506374457867979E+00 a      1601     0   134     1     5
 -1.1474910334054597E+01 a      1602     0   134     1     6
  2.1905816280957855E+00 a      1603     0   134     1     7
 -1.1237276199707820E+00 a      1604     0   134     1     8
 -7.2565974237553503E-03 a      1605     0   134     1     9
 -3.5871395391794652E+00 a      1606     0   134     1    10
 -6.5564667763717370E+00 a      1607     0   134     1    11
  5.3288850818057130E+00 a      1608     0   134     1    12
  6.0243543976259994E+00 a      1609     0   135     1     1
  2.3615611427133989E+00 a      1610     0   135     1     2
 -5.8215986086387994E-01 a      1611     0   135     1     3
 -2.8278580432146603E+00 a      1612     0   135     1     4
  8.8244513814070547E-01 a      1613     0   135     1     5
  4.8599124990102718E+00 a      1614     0   135     1     6
  2.0669361238971526E+00 a      1615     0   135     1     7
  2.3815896283096554E+00 a      1616     0   135     1     8
 -6.7964895816912900E+00 a      1617     0   135     1     9
  2.2217318622304023E+00 a      1618     0   135     1    10
 -3.4466358959366739E+00 a      1619     0   135     1    11
  4.0292248873124272E+00 a      1620     0   135     1    12
 -1.9155874661487742E+00 a      1621     0   136     1     1
  1.3103667874012206E+00 a      1622     0   136     1     2
 -3.0743091623017488E-01 a      1623     0   136     1     3
  5.4784314966711767E+00 a      1624     0   136     1     4
  4.4188121119296060E+00 a      1625     0   136     1     5
 -1.0661068539555854E+01 a      1626     0   136     1     6
  1.2499457845965714E+00 a      1627     0   136     1     7
 -1.6835600850536123E+00 a      1628     0   136     1     8
  1.0658166069969643E+00 a      1629     0   136     1     9
 -2.8197042948858324E+00 a      1630     0   136     1    10
 -4.3111296170740170E+00 a      1631     0   136     1    11
  3.7426167991122172E+00 a      1632     0   136     1    12
 -6.3800609413959695E+00 a      1633     0   137     1     1
 -2.2579222722368275E+00 a      1634     0   137     1     2
  4.9868802072501706E-01 a      1635     0   137     1     3
  2.1159161790726388E+00 a      1636     0   137     1     4
  1.0206281288487835E+00 a      1637     0   137     1     5
 -4.3401562899084762E+00 a      1638     0   137     1     6
 -7.8590622432869239E-01 a      1639     0   137     1     7
 -2.8483204644264665E-01 a      1640     0   137     1     8
  6.9304930447778297E+00 a      1641     0   137     1     9
 -1.5417683430548399E+00 a      1642     0   137     1    10
  2.2790672817226616E+00 a      1643     0   137     1    11
 -3.7243139879387166E+00 a      1644     0   137     1    12
  4.9419857104810330E+00 a      1645     0   138     1     1
 -3.6543582283901195E+00 a      1646     0   138     1     2
  2.1242870998307724E+00 a      1647     0   138     1     3
 -6.3335886655965270E+00 a      1648     0   138     1     4
 -4.1257496278070320E+00 a      1649     0   138     1     5
  1.3855181883492691E+01 a      1650     0   138     1     6
  3.7320391013509141E-01 a      1651     0   138     1     7
  1.7072796620801647E+00 a      1652     0   138     1     8
 -9.4438278238196183E-01 a      1653     0   138     1     9
  6.2460709214316097E+00 a      1654     0   138     1    10
  5.6429656854696901E+00 a      1655     0   138     1    11
 -6.8893042471614496E+00 a      1656     0   138     1    12
  1.7491748579223041E+00 a      1657     0   139     1     1
  1.3519405583547313E+00 a      1658     0   139     1     2
  4.5993692888943805E-01 a      1659     0   139     1     3
 -1.0092439301459206E+00 a      1660     0   139     1     4
 -4.0523765245311572E-01 a      1661     0   139     1     5
  1.4568776763499476E+00 a      1662     0   139     1     6
 -1.3322125530361281E-01 a      1663     0   139     1     7
 -4.0261655836834759E-01 a      1664     0   139     1     8
 -2.9955042100381406E+00 a      1665     0   139     1     9
  8.7291522453771586E-01 a      1666     0   139     1    10
 -8.0624765231467943E-01 a      1667     0   139     1    11
  3.7801038192572656E-01 a      1668     0   139     1    12
 -1.6310627440025738E+00 a      1669     0   140     1     1
  3.1446371865414706E+00 a      1670     0   140     1     2
 -1.8692416572996606E+00 a      1671     0   140     1     3
  4.1605971586844698E-01 a      1672     0   140     1     4
  1.0078043427589307E+00 a      1673     0   140     1     5
 -4.3066072865596743E+00 a      1674     0   140     1     6
 -1.7449659742329411E+00 a      1675     0   140     1     7
 -1.7372938066643817E-01 a      1676     0   140     1     8
  3.0567353748359344E-01 a      1677     0   140     1     9
 -2.0106589014395024E+00 a      1678     0   140     1    10
 -1.4287045269368361E+00 a      1679     0   140     1    11
  2.3871498932454052E+00 a      1680     0   140     1    12
  2.0574670166791984E+00 a      1681     0   141     1     1
  4.5765362856577418E+00 a      1682     0   141     1     2
 -6.2774304403596703E-01 a      1683     0   141     1     3
  8.2929442104010631E-01 a      1684     0   141     1     4
  7.6474026358760607E+00 a      1685     0   141     1     5
  1.6301578541959338E-01 a      1686     0   141     1     6
 -1.5743882829769911E+00 a      1687     0   141     1     7
  3.5266427886753262E+00 a      1688     0   141     1     8
 -4.7213785455811861E+00 a      1689     0   141     1     9
  9.3409717953759386E-01 a      1690     0   141     1    10
  3.5357483697989340E+00 a      1691     0   141     1    11
  5.4573516660486625E+00 a      1692     0   141     1    12
  4.8976618975752673E-01 a      1693     0   142     1     1
 -8.5507463250023263E-01 a      1694     0   142     1     2
 -1.9117630326198112E-01 a      1695     0   142     1     3
  4.9280737441273548E-01 a      1696     0   142     1     4
 -2.4519823996765440E+00 a      1697     0   142     1     5
  2.1884992442350373E+00 a      1698     0   142     1     6
  9.0345951109770484E-01 a      1699     0   142     1     7
  2.1875793550393787E-02 a      1700     0   142     1     8
 -2.2315711953775152E+00 a      1701     0   142     1     9
  6.7638827068947560E-01 a      1702     0   142     1    10
 -1.9353905069416668E+00 a      1703     0   142     1    11
  7.3951560101911906E-01 a      1704     0   142     1    12
  6.7866346070932748E-01 a      1705     0   143     1     1
 -6.1754540069435082E-01 a      1706     0   143     1     2
 -1.6388317184611872E-01 a      1707     0   143     1     3
  6.2570645106338318E-01 a      1708     0   143     1     4
 -2.3057824117460197E+00 a      1709     0   143     1     5
  2.2167395079986907E+00 a      1710     0   143     1     6
  1.0909159909967736E+00 a      1711     0   143     1     7
 -2.0949813673172310E-01 a      1712     0   143     1     8
 -2.2358390462657982E+00 a      1713     0   143     1     9
  9.3516579366014163E-01 a      1714     0   143     1    10
 -1.7827944930976207E+00 a      1715     0   143     1    11
  5.6814741870456587E-01 a      1716     0   143     1    12
  2.0839356116565342E+00 a      1717     0   144     1     1
  3.8692140500103172E+00 a      1718     0   144     1     2
  1.6607975045975896E+00 a      1719     0   144     1     3
 -4.7117763989397652E+00 a      1720     0   144     1     4
  5.9342096553029933E+00 a      1721     0   144     1     5
  1.6506889272290135E+00 a      1722     0   144     1     6
  3.0969082193011173E+00 a      1723     0   144     1     7
  2.4824003867878992E+00 a      1724     0   144     1     8
 -5.2928367479862004E+00 a      1725     0   144     1     9
  9.9101470242768375E-01 a      1726     0   144     1    10
 -3.1169041347323909E+00 a      1727     0   144     1    11
  6.2394691020801369E+00 a      1728     0   144     1    12
 -1.8897070331655501E+00 a      1729     0   145     1     1
 -1.6826980718785203E+00 a      1730     0   145     1     2
  1.4872310484299950E-01 a      1731     0   145     1     3
  9.7652616986294072E-01 a      1732     0   145     1     4
 -9.5723400849679408E-01 a      1733     0   145     1     5
  5.5167171358761102E-01 a      1734     0   145     1     6
  2.2057329560839056E-01 a      1735     0   145     1     7
 -9.0051408612376627E-01 a      1736     0   145     1     8
 -1.6902922535571223E+00 a      1737     0   145     1     9
 -1.6663947371903678E+00 a      1738     0   145     1    10
  3.0267911910720049E-02 a      1739     0   145     1    11
  1.4262493267633563E+00 a      1740     0   145     1    12
 -1.7785712363584769E+00 a      1741     0   146     1     1
 -1.7747125158876866E+00 a      1742     0   146     1     2
  1.6031890818074718E-01 a      1743     0   146     1     3
  1.0455530349338911E+00 a      1744     0   146     1     4
 -1.0849676786561129E+00 a      1745     0   146     1     5
  7.5214820469675048E-01 a      1746     0   146     1     6
  1.7989331631204070E-01 a      1747     0   146     1     7
 -9.7162112501748477E-01 a      1748     0   146     1     8
 -1.6454539463483155E+00 a      1749     0   146     1     9
 -1.7728232137821325E+00 a      1750     0   146     1    10
  1.0840704450609319E-01 a      1751     0   146     1    11
  1.1940601708235881E+00 a      1752     0   146     1    12
 -2.5110787577731686E+00 a      1753     0   147     1     1
 -8.2385695097365872E+00 a      1754     0   147     1     2
 -4.3883587869536935E+00 a      1755     0   147     1     3
  2.6056557141895138E+00 a      1756     0   147     1     4
 -1.1972829186195730E+01 a      1757     0   147     1     5
 -2.6347506346585439E+00 a      1758     0   147     1     6
 -5.4262841447064272E+00 a      1759     0   147     1     7
 -1.7309391903750080E+00 a      1760     0   147     1     8
  1.2434387409739424E+01 a      1761     0   147     1     9
 -4.1441004607027283E+00 a      1762     0   147     1    10
  1.1318150724658874E-01 a      1763     0   147     1    11
 -7.7819485079302479E+00 a      1764     0   147     1    12
  2.0222011389284948E+00 a      1765     0   148     1     1
  1.4900916054992261E+00 a      1766     0   148     1     2
 -8.3831161096676443E-01 a      1767     0   148     1     3
  6.1696084270604146E-01 a      1768     0   148     1     4
 -3.6490363981941076E-01 a      1769     0   148     1     5
 -6.1956723589121576E-01 a      1770     0   148     1     6
 -4.5515082855996267E+00 a      1771     0   148     1     7
 -9.3164162100598824E-01 a      1772     0   148     1     8
  2.3386956399076895E+00 a      1773     0   148     1     9
  5.2281151206092416E+00 a      1774     0   148     1    10
  3.5529822755827221E+00 a      1775     0   148     1    11
 -5.6743558118071116E+00 a      1776     0   148     1    12
  2.1856507810503225E+00 a      1777     0   149     1     1
  1.2769386119281181E+00 a      1778     0   149     1     2
 -7.1918700964764581E-01 a      1779     0   149     1     3
  3.9674222414828109E-01 a      1780     0   149     1     4
 -4.9940641507171890E-01 a      1781     0   149     1     5
 -7.1810102069750636E-01 a      1782     0   149     1     6
 -4.5260441189831964E+00 a      1783     0   149     1     7
 -8.4633079221938368E-01 a      1784     0   149     1     8
  2.3867236971337977E+00 a      1785     0   149     1     9
  4.9635390381643756E+00 a      1786     0   149     1    10
  3.5591126092530061E+00 a      1787     0   149     1    11
 -5.6596458699105741E+00 a      1788     0   149     1    12
  1.4137265727851736E+00 a      1789     0   150     1     1
  1.9478767962129473E+00 a      1790     0   150     1     2
  1.9072258222519924E+00 a      1791     0   150     1     3
 -6.3688524058227971E+00 a      1792     0   150     1     4
  2.5373289508226384E+00 a      1793     0   150     1     5
  1.3400830164902831E+00 a      1794     0   150     1     6
  3.6645973426486682E+00 a      1795     0   150     1     7
  1.3761659117306961E+00 a      1796     0   150     1     8
 -3.1284127240047961E+00 a      1797     0   150     1     9
  1.2287056123338062E-01 a      1798     0   150     1    10
 -5.8246993754099394E+00 a      1799     0   150     1    11
  4.5016824336150947E+00 a      1800     0   150     1    12
 -2.1258307476609812E+00 a      1801     0   151     1     1
 -1.7126959486399496E+00 a      1802     0   151     1     2
  3.6474497715089114E-02 a      1803     0   151     1     3
  1.2435799862811270E+00 a      1804     0   151     1     4
 -4.9662730578386804E-01 a      1805     0   151     1     5
 -1.6369552139302732E-01 a      1806     0   151     1     6
 -9.3570679297071024E-01 a      1807     0   151     1     7
 -1.1989018579743689E+00 a      1808     0   151     1     8
 -7.8815042793355117E-01 a      1809     0   151     1     9
 -1.8715456160440742E+00 a      1810     0   151     1    10
  1.5187415785734950E+00 a      1811     0   151     1    11
  5.7827083892210263E-01 a      1812     0   151     1    12
 -2.1291016211894083E+00 a      1813     0   152     1     1
 -1.5162615572926339E+00 a      1814     0   152     1     2
  2.8930173888851540E-01 a      1815     0   152     1     3
  1.1511834303497115E+00 a      1816     0   152     1     4
 -3.2509707721972270E-01 a      1817     0   152     1     5
 -2.5867026963112888E-01 a      1818     0   152     1     6
 -1.0172495558348638E+00 a      1819     0   152     1     7
 -1.3378887939398190E+00 a      1820     0   152     1     8
 -8.3566865787867628E-01 a      1821     0   152     1     9
 -1.6388300291068667E+00 a      1822     0   152     1    10
  1.3434608837583137E+00 a      1823     0   152     1    11
  5.5795958830765457E-01 a      1824     0   152     1    12
 -2.6466544174253009E-01 a      1825     0   153     1     1
  4.4995873475832928E+00 a      1826     0   153     1     2
  4.4545474609498531E-01 a      1827     0   153     1     3
 -3.2321578853282293E+00 a      1828     0   153     1     4
  4.2071862822087356E+00 a      1829     0   153     1     5
  6.5903124376465005E-01 a      1830     0   153     1     6
  1.2510547090607165E+00 a      1831     0   153     1     7
 -9.6350166412214133E-01 a      1832     0   153     1     8
 -3.4389665291166076E+00 a      1833     0   153     1     9
  1.6710635981544408E+00 a      1834     0   153     1    10
  2.1649600651744655E-01 a      1835     0   153     1    11
  1.8074676391603792E+00 a      1836     0   153     1    12
  2.3223374185212813E+00 a      1837     0   154     1     1
 -3.8542779964891366E-01 a      1838     0   154     1     2
  2.5364005736006954E+00 a      1839     0   154     1     3
 -9.9249036927259304E-01 a      1840     0   154     1     4
  1.6371427757081243E+00 a      1841     0   154     1     5
  2.6851354077256462E-01 a      1842     0   154     1     6
  2.4126488994542470E+00 a      1843     0   154     1     7
  1.2726748082654018E+00 a      1844     0   154     1     8
  1.6732077040798294E+00 a      1845     0   154     1     9
 -2.0896048714546867E+00 a      1846     0   154     1    10
 -2.2842846830317431E+00 a      1847     0   154     1    11
  1.8123936521957889E+00 a      1848     0   154     1    12
  2.3804083797386300E+00 a      1849     0   155     1     1
 -4.5391779986498682E-01 a      1850     0   155     1     2
  2.5767059407276047E+00 a      1851     0   155     1     3
 -9.6032555078902826E-01 a      1852     0   155     1     4
  1.5809329289799334E+00 a      1853     0   155     1     5
  2.9015038150988132E-01 a      1854     0   155     1     6
  2.4336766582053646E+00 a      1855     0   155     1     7
  1.0716083028147669E+00 a      1856     0   155     1     8
  1.4815830632652189E+00 a      1857     0   155     1     9
 -2.3296665897593614E+00 a      1858     0   155     1    10
 -2.3905506878938101E+00 a      1859     0   155     1    11
  1.8041292575200145E+00 a      1860     0   155     1    12
 -4.5330382403402698E+00 a      1861     0   156     1     1
 -7.9895930895463412E+00 a      1862     0   156     1     2
 -7.6891452677434904E+00 a      1863     0   156     1     3
  7.7874852328002477E+00 a      1864     0   156     1     4
 -1.7001985556777104E+01 a      1865     0   156     1     5
 -6.8886779341491469E+00 a      1866     0   156     1     6
 -8.1016937212609097E+00 a      1867     0   156     1     7
 -9.5361409897655331E+00 a      1868     0   156     1     8
  1.5110657233931377E+01 a      1869     0   156     1     9
 -5.8379633794447505E+00 a      1870     0   156     1    10
  1.2015107287065105E+01 a      1871     0   156     1    11
 -1.0855042715749319E+01 a      1872     0   156     1    12
 -7.5228495523717709E-01 a      1873     0   157     1     1
  1.2289716601926219E+00 a      1874     0   157     1     2
  3.8449643091001441E-02 a      1875     0   157     1     3
 -1.0267524800922849E+00 a      1876     0   157     1     4
  6.9294496935133731E-01 a      1877     0   157     1     5
 -3.5068904640974585E+00 a      1878     0   157     1     6
  6.3348731609081700E-03 a      1879     0   157     1     7
 -4.8177912479524815E-01 a      1880     0   157     1     8
  4.3181245649208790E+00 a      1881     0   157     1     9
  5.2590791480038124E-01 a      1882     0   157     1    10
 -1.1803646892364848E-01 a      1883     0   157     1    11
 -2.3947551443568904E+00 a      1884     0   157     1    12
 -8.4605498804673529E-01 a      1885     0   158     1     1
  1.3518876860324252E+00 a      1886     0   158     1     2
  4.9675026874919703E-02 a      1887     0   158     1     3
 -1.0642667698741841E+00 a      1888     0   158     1     4
  5.7306266346778212E-01 a      1889     0   158     1     5
 -3.2895184445856600E+00 a      1890     0   158     1     6
 -1.0321531484892951E-01 a      1891     0   158     1     7
 -5.5787344497493740E-01 a      1892     0   158     1     8
  4.3592461117919727E+00 a      1893     0   158     1     9
  5.4773221128277694E-01 a      1894     0   158     1    10
  2.6201253138100001E-02 a      1895     0   158     1    11
 -2.2302363096040958E+00 a      1896     0   158     1    12
 -4.1094247066607581E+00 a      1897     0   159     1     1
 -1.9812095653222839E+00 a      1898     0   159     1     2
 -1.1156968446076041E+00 a      1899     0   159     1     3
  3.7142589339147634E+00 a      1900     0   159     1     4
  2.7523663623292034E+00 a      1901     0   159     1     5
 -2.8359128653017964E+00 a      1902     0   159     1     6
  2.0591152174345138E+00 a      1903     0   159     1     7
 -5.6419406764822391E+00 a      1904     0   159     1     8
 -3.7325650442374343E+00 a      1905     0   159     1     9
 -1.8368984960035140E+00 a      1906     0   159     1    10
  5.9546067657998814E+00 a      1907     0   159     1    11
  2.8682565472837684E-01 a      1908     0   159     1    12
  4.8581811049428042E-01 a      1909     0   160     1     1
  2.5435679782630363E+00 a      1910     0   160     1     2
 -1.8218821449510390E+00 a      1911     0   160     1     3
 -5.7479150745995555E-01 a      1912     0   160     1     4
  6.4354811632512048E+00 a      1913     0   160     1     5
 -2.3587348090137774E+00 a      1914     0   160     1     6
  4.8407049548455667E+00 a      1915     0   160     1     7
  2.5520233529666352E+00 a      1916     0   160     1     8
  5.3665712506130960E+00 a      1917     0   160     1     9
 -4.1717635684234491E+00 a      1918     0   160     1    10
 -1.4799144427621391E+00 a      1919     0   160     1    11
  2.9756799991978422E+00 a      1920     0   160     1    12
  5.4568204903841711E-01 a      1921     0   161     1     1
  2.6744377916379070E+00 a      1922     0   161     1     2
 -1.8975031107093117E+00 a      1923     0   161     1     3
 -6.1972292236991999E-01 a      1924     0   161     1     4
  6.4864843902931293E+00 a      1925     0   161     1     5
 -2.3625874588601188E+00 a      1926     0   161     1     6
  4.6854497920180709E+00 a      1927     0   161     1     7
  2.3446428025441404E+00 a      1928     0   161     1     8
  5.5187234732255792E+00 a      1929     0   161     1     9
 -4.0295327697842378E+00 a      1930     0   161     1    10
 -1.6214177953718067E+00 a      1931     0   161     1    11
  3.1016467377965995E+00 a      1932     0   161     1    12
 -2.9340602866384500E+00 a      1933     0   162     1     1
 -3.1173892536941770E+00 a      1934     0   162     1     2
 -3.4332715728489838E+00 a      1935     0   162     1     3
  3.6174362116442635E+00 a      1936     0   162     1     4
 -1.1326553938402146E+00 a      1937     0   162     1     5
 -2.5392324210250696E+00 a      1938     0   162     1     6
 -2.3191309814682928E+00 a      1939     0   162     1     7
 -3.8459208374989147E+00 a      1940     0   162     1     8
 -2.5241897400529778E+00 a      1941     0   162     1     9
  1.6027213058738832E+00 a      1942     0   162     1    10
  4.9880996802402047E+00 a      1943     0   162     1    11
 -3.0190354076776820E+00 a      1944     0   162     1    12
  2.5789757468161580E+00 a      1945     0   163     1     1
 -3.4248600041540411E-01 a      1946     0   163     1     2
 -1.5859082890060483E+00 a      1947     0   163     1     3
 -1.6615539338008978E+00 a      1948     0   163     1     4
  5.6184971683129188E+00 a      1949     0   163     1     5
  1.4135108452365747E-01 a      1950     0   163     1     6
  1.6813697267004457E+00 a      1951     0   163     1     7
  3.1540126526260934E+00 a      1952     0   163     1     8
  2.9393254593234093E+00 a      1953     0   163     1     9
 -2.3906197736222961E+00 a      1954     0   163     1    10
  1.2761318503312695E+00 a      1955     0   163     1    11
  1.5368325829245433E+00 a      1956     0   163     1    12
  2.3487253278497424E+00 a      1957     0   164     1     1
 -2.1169107002280257E-01 a      1958     0   164     1     2
 -1.5522977801830908E+00 a      1959     0   164     1     3
 -1.5371433114052013E+00 a      1960     0   164     1     4
  5.4410498482192828E+00 a      1961     0   164     1     5
  3.1946482684757804E-02 a      1962     0   164     1     6
  1.4193041945059151E+00 a      1963     0   164     1     7
  3.1826680019414688E+00 a      1964     0   164     1     8
  3.0564867159986573E+00 a      1965     0   164     1     9
 -2.4610709303925282E+00 a      1966     0   164     1    10
  1.3972754095771323E+00 a      1967     0   164     1    11
  1.4609171095865656E+00 a      1968     0   164     1    12
  5.3811433689094523E-01 a      1969     0   165     1     1
  3.4422810783464106E+00 a      1970     0   165     1     2
  1.2112596980473771E+01 a      1971     0   165     1     3
 -3.6963232043071961E+00 a      1972     0   165     1     4
  1.1279980206446382E+01 a      1973     0   165     1     5
  6.7726711581713346E+00 a      1974     0   165     1     6
  1.7431338989925116E+01 a      1975     0   165     1     7
  4.5925792680442621E+00 a      1976     0   165     1     8
 -1.0587977031119287E+01 a      1977     0   165     1     9
  3.2803888938003749E+00 a      1978     0   165     1    10
 -1.2809461962305855E+01 a      1979     0   165     1    11
  9.0254241951976315E+00 a      1980     0   165     1    12
  5.9405050990927966E-01 a      1981     0   166     1     1
  4.1532809513339455E+00 a      1982     0   166     1     2
  4.0483101030972479E+00 a      1983     0   166     1     3
  8.5364072414562875E-01 a      1984     0   166     1     4
 -2.4415878762712389E+00 a      1985     0   166     1     5
 -3.1707195193789559E+00 a      1986     0   166     1     6
  8.4609360952889889E-01 a      1987     0   166     1     7
 -1.7819336779448265E+00 a      1988     0   166     1     8
 -1.1259714532627214E+00 a      1989     0   166     1     9
 -2.2079465809924352E+00 a      1990     0   166     1    10
 -6.4125593106775902E+00 a      1991     0   166     1    11
  3.6139420223845669E+00 a      1992     0   166     1    12
  3.3908720907856332E-01 a      1993     0   167     1     1
  3.9938753749753264E+00 a      1994     0   167     1     2
  4.2360274107674298E+00 a      1995     0   167     1     3
  7.8936993622357754E-01 a      1996     0   167     1     4
 -2.6382505312055922E+00 a      1997     0   167     1     5
 -3.1168498257806418E+00 a      1998     0   167     1     6
  7.5400705288495640E-01 a      1999     0   167     1     7
 -1.6373207032141857E+00 a      2000     0   167     1     8
 -1.1391908941077946E+00 a      2001     0   167     1     9
 -2.3510517904418267E+00 a      2002     0   167     1    10
 -6.1463436040860744E+00 a      2003     0   167     1    11
  3.5722195456263885E+00 a      2004     0   167     1    12
 -1.8805939597176513E+00 a      2005     0   168     1     1
 -2.5243642414515097E+00 a      2006     0   168     1     2
 -1.9999540352289857E+00 a      2007     0   168     1     3
  2.2666595077547464E+00 a      2008     0   168     1     4
 -5.4549385410774809E-01 a      2009     0   168     1     5
 -5.9742029450119472E-01 a      2010     0   168     1     6
 -9.6490926760643192E-01 a      2011     0   168     1     7
 -1.3755698225688155E+00 a      2012     0   168     1     8
 -3.1220242022722440E+00 a      2013     0   168     1     9
  3.4442380088053577E+00 a      2014     0   168     1    10
  1.6342526766812084E+00 a      2015     0   168     1    11
 -2.3792727317423084E+00 a      2016     0   168     1    12
  2.9680909182100965E+00 a      2017     0   169     1     1
 -9.8693110223038694E-01 a      2018     0   169     1     2
 -4.1325934660826147E-01 a      2019     0   169     1     3
 -1.6175407366872703E+00 a      2020     0   169     1     4
  3.7042217158457973E+00 a      2021     0   169     1     5
  6.6583241248027358E-01 a      2022     0   169     1     6
  4.0499710573085351E-02 a      2023     0   169     1     7
  2.6959772357632055E+00 a      2024     0   169     1     8
  1.0964012750815719E+00 a      2025     0   169     1     9
 -1.5007411055680162E+00 a      2026     0   169     1    10
  1.4073224056883782E+00 a      2027     0   169     1    11
  1.3024775635239512E+00 a      2028     0   169     1    12
  3.0192268139921770E+00 a      2029     0   170     1     1
 -8.7749643205802608E-01 a      2030     0   170     1     2
 -6.9263171749641772E-01 a      2031     0   170     1     3
 -1.4228103629670905E+00 a      2032     0   170     1     4
  3.5927768173039962E+00 a      2033     0   170     1     5
  6.4149767900318577E-01 a      2034     0   170     1     6
  1.0201112941586415E-01 a      2035     0   170     1     7
  2.7690904652181669E+00 a      2036     0   170     1     8
  1.3588584521059337E+00 a      2037     0   170     1     9
 -1.5871265007639792E+00 a      2038     0   170     1    10
  1.2981276556981121E+00 a      2039     0   170     1    11
  1.3777734951708247E+00 a      2040     0   170     1    12
  6.5019264188518378E+00 a      2041     0   171     1     1
 -7.3010854751567384E+00 a      2042     0   171     1     2
 -1.8738362189667002E+00 a      2043     0   171     1     3
  6.9906293779554316E+00 a      2044     0   171     1     4
 -9.6424943297595416E+00 a      2045     0   171     1     5
 -2.6388641466990501E+00 a      2046     0   171     1     6
 -8.9141227569259325E+00 a      2047     0   171     1     7
  3.5713778972143881E+00 a      2048     0   171     1     8
  5.4863560627334547E+00 a      2049     0   171     1     9
 -8.2544016598043657E-01 a      2050     0   171     1    10
  8.2454797654703482E-01 a      2051     0   171     1    11
 -3.3497092199145078E+00 a      2052     0   171     1    12
  8.2038753203563319E-01 a      2053     0   172     1     1
 -5.8931507188595251E+00 a      2054     0   172     1     2
 -5.5828873924381499E+00 a      2055     0   172     1     3
  1.7171443280360017E+00 a      2056     0   172     1     4
 -2.4870669228159814E+00 a      2057     0   172     1     5
  2.6171139575450297E+00 a      2058     0   172     1     6
 -2.5348316059587983E+00 a      2059     0   172     1     7
 -6.7753866037443922E-01 a      2060     0   172     1     8
  3.5521374629454622E-01 a      2061     0   172     1     9
  6.0562436948881315E-01 a      2062     0   172     1    10
  7.1352534610400635E+00 a      2063     0   172     1    11
 -5.9423474741472671E-01 a      2064     0   172     1    12
  9.1279020989073167E-01 a      2065     0   173     1     1
 -5.7844433174157954E+00 a      2066     0   173     1     2
 -5.6869730273425683E+00 a      2067     0   173     1     3
  1.6459528286095808E+00 a      2068     0   173     1     4
 -2.7007395924756077E+00 a      2069     0   173     1     5
  2.7920396732766450E+00 a      2070     0   173     1     6
 -2.5657222750799940E+00 a      2071     0   173     1     7
 -4.9705997389021506E-01 a      2072     0   173     1     8
  5.6151823194396355E-01 a      2073     0   173     1     9
  3.7908080667247046E-01 a      2074     0   173     1    10
  7.1890709117306741E+00 a      2075     0   173     1    11
 -6.0534139982340007E-01 a      2076     0   173     1    12
  1.2669581474532734E+00 a      2077     0   174     1     1
  2.5855590157674646E+00 a      2078     0   174     1     2
  6.6158261446667490E+00 a      2079     0   174     1     3
 -4.2288007931370908E+00 a      2080     0   174     1     4
  7.1855949466795712E+00 a      2081     0   174     1     5
  7.0223582939423377E+00 a      2082     0   174     1     6
  9.3013811995476292E+00 a      2083     0   174     1     7
  7.4359304035157718E+00 a      2084     0   174     1     8
 -9.1858181403924597E+00 a      2085     0   174     1     9
  9.0853560298597174E+00 a      2086     0   174     1    10
 -1.2903452338924563E+01 a      2087     0   174     1    11
  3.1769977281917297E+00 a      2088     0   174     1    12
  3.2293659675102528E+00 a      2089     0   175     1     1
 -9.7349926288146482E-01 a      2090     0   175     1     2
  3.2290075245442802E+00 a      2091     0   175     1     3
 -9.6353785919754475E-01 a      2092     0   175     1     4
 -1.8106650024152018E+00 a      2093     0   175     1     5
  1.3917526075373361E+00 a      2094     0   175     1     6
 -3.5203447581476057E+00 a      2095     0   175     1     7
  8.4459643934405770E-01 a      2096     0   175     1     8
 -4.1700227548332434E+00 a      2097     0   175     1     9
  3.6412957032702770E-01 a      2098     0   175     1    10
 -3.1606536831240750E+00 a      2099     0   175     1    11
  9.7305823034199557E-01 a      2100     0   175     1    12
  3.2808847486289343E+00 a      2101     0   176     1     1
 -1.0419980919950436E+00 a      2102     0   176     1     2
  3.2178757832798581E+00 a      2103     0   176     1     3
 -1.1904598871449623E+00 a      2104     0   176     1     4
 -1.5633557056146659E+00 a      2105     0   176     1     5
  1.4503344900849904E+00 a      2106     0   176     1     6
 -3.3565674509213963E+00 a      2107     0   176     1     7
  9.4445999706424288E-01 a      2108     0   176     1     8
 -4.0409269709852866E+00 a      2109     0   176     1     9
  4.7699637118083948E-01 a      2110     0   176     1    10
 -3.1048434328452030E+00 a      2111     0   176     1    11
  8.7965039352245467E-01 a      2112     0   176     1    12
 -1.3694649685474898E+00 a      2113     0   177     1     1
 -9.0488182596722244E-01 a      2114     0   177     1     2
  3.3770592824586441E+00 a      2115     0   177     1     3
 -7.9212444802618154E-01 a      2116     0   177     1     4
  1.9175064032217934E-01 a      2117     0   177     1     5
  2.3634783379321793E+00 a      2118     0   177     1     6
  3.5103770660739277E+00 a      2119     0   177     1     7
  5.5107625413515504E-01 a      2120     0   177     1     8
 -3.6474343861141895E-01 a      2121     0   177     1     9
  8.4130927457220894E-01 a      2122     0   177     1    10
 -5.6480121614839029E-01 a      2123     0   177     1    11
  5.5182839227336444E-01 a      2124     0   177     1    12
  2.5624230164295786E-01 a      2125     0   178     1     1
  1.0793312541371383E+00 a      2126     0   178     1     2
  2.9674974133485645E+00 a      2127     0   178     1     3
 -9.4295149847929460E-01 a      2128     0   178     1     4
  3.9094015509606467E-01 a      2129     0   178     1     5
 -1.2980891187795043E-01 a      2130     0   178     1     6
 -2.0446995540475679E-01 a      2131     0   178     1     7
 -5.5007194669814508E-01 a      2132     0   178     1     8
 -5.0003085979797091E-01 a      2133     0   178     1     9
 -2.8831319094967706E-01 a      2134     0   178     1    10
 -1.6172958261063655E+00 a      2135     0   178     1    11
  5.4386131119364256E-01 a      2136     0   178     1    12
  2.1062390878299328E-01 a      2137     0   179     1     1
  1.1093150665088571E+00 a      2138     0   179     1     2
  3.1324755291722322E+00 a      2139     0   179     1     3
 -8.6480853951241365E-01 a      2140     0   179     1     4
  1.5846483957282070E-01 a      2141     0   179     1     5
 -1.8081753619277155E-01 a      2142     0   179     1     6
 -2.5109413714067386E-01 a      2143     0   179     1     7
 -5.0091931208676077E-01 a      2144     0   179     1     8
 -5.0285060505219170E-01 a      2145     0   179     1     9
 -5.4071992310870585E-02 a      2146     0   179     1    10
 -1.6808252457203308E+00 a      2147     0   179     1    11
  6.4800766376048058E-01 a      2148     0   179     1    12
  5.9617722792744166E-01 a      2149     0   180     1     1
  6.9961077926072246E+00 a      2150     0   180     1     2
  1.5934560654983088E+00 a      2151     0   180     1     3
 -1.6801054142513103E+00 a      2152     0   180     1     4
  1.5237177516069595E+01 a      2153     0   180     1     5
  1.2989775921354834E+00 a      2154     0   180     1     6
  2.7182047943245551E+00 a      2155     0   180     1     7
  9.6723366448132424E+00 a      2156     0   180     1     8
 -9.1889660216693620E+00 a      2157     0   180     1     9
  1.0563481448470633E+00 a      2158     0   180     1    10
 -2.5050956911630479E-02 a      2159     0   180     1    11
  3.6769561425734976E+00 a      2160     0   180     1    12
 -1.7613026826731375E+00 a      2161     0   181     1     1
  2.4876023588382359E+00 a      2162     0   181     1     2
 -1.1642963516572469E-01 a      2163     0   181     1     3
  1.6950894674584569E+00 a      2164     0   181     1     4
 -4.2951905400136363E+00 a      2165     0   181     1     5
  5.7607089519294936E+00 a      2166     0   181     1     6
  2.1184670924782973E+00 a      2167     0   181     1     7
 -1.5135923179703439E-01 a      2168     0   181     1     8
 -5.7552976794780930E+00 a      2169     0   181     1     9
  5.5238824123261736E+00 a      2170     0   181     1    10
 -6.5419088853858065E-01 a      2171     0   181     1    11
 -1.4003244264427206E+00 a      2172     0   181     1    12
 -1.7484701587591944E+00 a      2173     0   182     1     1
  2.3075667268735343E+00 a      2174     0   182     1     2
 -7.3130124071538988E-02 a      2175     0   182     1     3
  1.5203274670631211E+00 a      2176     0   182     1     4
 -4.4724835959381473E+00 a      2177     0   182     1     5
  5.7785374730847074E+00 a      2178     0   182     1     6
  2.1519703413764217E+00 a      2179     0   182     1     7
 -2.6574148693344796E-01 a      2180     0   182     1     8
 -5.6102222035818397E+00 a      2181     0   182     1     9
  5.4175577576325891E+00 a      2182     0   182     1    10
 -7.1719769079947582E-01 a      2183     0   182     1    11
 -1.2259618439320432E+00 a      2184     0   182     1    12
  2.1171683723252882E-01 a      2185     0   183     1     1
  3.4455468214061236E-01 a      2186     0   183     1     2
 -4.1497605065745413E-01 a      2187     0   183     1     3
  2.6023981731203777E-01 a      2188     0   183     1     4
  1.2974507325210899E-01 a      2189     0   183     1     5
 -2.8468533636402960E-01 a      2190     0   183     1     6
 -1.9740942506147119E-01 a      2191     0   183     1     7
  7.8377442336767522E-02 a      2192     0   183     1     8
 -5.3647404163051371E-01 a      2193     0   183     1     9
 -5.8376166848176633E-02 a      2194     0   183     1    10
  3.8132611712306547E-01 a      2195     0   183     1    11
  3.2920708712117069E-01 a      2196     0   183     1    12
 -8.1835436774620685E-01 a      2197     0   184     1     1
 -3.5450828897595343E-01 a      2198     0   184     1     2
 -5.6892778180782011E-01 a      2199     0   184     1     3
  3.2117602692915065E-01 a      2200     0   184     1     4
  2.4546530462424870E-01 a      2201     0   184     1     5
 -5.6920006330851584E-02 a      2202     0   184     1     6
  1.2559126114274580E-01 a      2203     0   184     1     7
  1.8086810330889427E-01 a      2204     0   184     1     8
 -5.7562059927311304E-01 a      2205     0   184     1     9
  1.8015071836843494E-01 a      2206     0   184     1    10
 -2.2016437377109224E-01 a      2207     0   184     1    11
 -2.7574173199722907E-01 a      2208     0   184     1    12
 -1.0951342772845092E+00 a      2209     0   185     1     1
 -2.3614260834660025E-01 a      2210     0   185     1     2
 -5.0489544462646596E-01 a      2211     0   185     1     3
  2.1775874839715631E-01 a      2212     0   185     1     4
  2.0335396393039307E-01 a      2213     0   185     1     5
  9.9292600601416550E-02 a      2214     0   185     1     6
  1.8948580620010835E-01 a      2215     0   185     1     7
  3.2930792979493295E-01 a      2216     0   185     1     8
 -4.2083753054275480E-01 a      2217     0   185     1     9
  3.3461651840189643E-01 a      2218     0   185     1    10
 -2.2377432320485280E-01 a      2219     0   185     1    11
 -2.8270335256236384E-01 a      2220     0   185     1    12
  2.3496344947627165E-01 a      2221     0   186     1     1
  5.0465178493459728E-01 a      2222     0   186     1     2
 -4.3562349701111419E-01 a      2223     0   186     1     3
  2.1817198128994137E+00 a      2224     0   186     1     4
 -4.7485580555558293E+00 a      2225     0   186     1     5
  1.2124978613805595E-01 a      2226     0   186     1     6
 -6.2634700570540669E-01 a      2227     0   186     1     7
 -3.4524315784361037E+00 a      2228     0   186     1     8
  2.9835168869361223E-01 a      2229     0   186     1     9
  1.3423413746931265E+00 a      2230     0   186     1    10
  1.7333785372834603E+00 a      2231     0   186     1    11
 -4.0562641788635005E+00 a      2232     0   186     1    12
  5.0658244405680952E-01 a      2233     0   187     1     1
  7.6520312300124807E-02 a      2234     0   187     1     2
 -9.6401158495115968E-01 a      2235     0   187     1     3
  5.9329153616507724E-01 a      2236     0   187     1     4
  2.4856190001857689E-01 a      2237     0   187     1     5
 -2.2346719095149830E+00 a      2238     0   187     1     6
  2.7265903083089094E-01 a      2239     0   187     1     7
 -1.2881498691398982E-01 a      2240     0   187     1     8
  1.5598971269671058E+00 a      2241     0   187     1     9
 -1.0946088311989215E+00 a      2242     0   187     1    10
  6.8791369162491911E-01 a      2243     0   187     1    11
 -5.3241913880519887E-01 a      2244     0   187     1    12
  3.9675058541007291E-01 a      2245     0   188     1     1
  7.0136883035037553E-02 a      2246     0   188     1     2
 -9.5278101446597696E-01 a      2247     0   188     1     3
  4.8196799302494014E-01 a      2248     0   188     1     4
 -3.6450900979503827E-02 a      2249     0   188     1     5
 -2.2157999773032646E+00 a      2250     0   188     1     6
  4.9598619481744854E-01 a      2251     0   188     1     7
 -7.1729436560990900E-02 a      2252     0   188     1     8
  1.6517883884219018E+00 a      2253     0   188     1     9
 -1.0324927364345391E+00 a      2254     0   188     1    10
  7.6547732714097216E-01 a      2255     0   188     1    11
 -5.6588464594464083E-01 a      2256     0   188     1    12
  4.4840447881367218E-01 a      2257     0   189     1     1
  2.9419287111233645E+00 a      2258     0   189     1     2
 -7.8053741991663095E-01 a      2259     0   189     1     3
 -6.1115900687975468E+00 a      2260     0   189     1     4
 -2.6193470261216287E+00 a      2261     0   189     1     5
  1.5096205638223337E+00 a      2262     0   189     1     6
 -4.4517787555687214E+00 a      2263     0   189     1     7
  4.6236500398006166E+00 a      2264     0   189     1     8
  2.0662862085509599E+00 a      2265     0   189     1     9
  4.5417779354934845E-01 a      2266     0   189     1    10
 -2.8810538012841985E-01 a      2267     0   189     1    11
 -4.5466088780277056E+00 a      2268     0   189     1    12
 -2.9134351959863825E+00 a      2269     0   190     1     1
 -4.5698017106282638E+00 a      2270     0   190     1     2
 -3.0698233282471010E+00 a      2271     0   190     1     3
 -7.6128437804126325E-01 a      2272     0   190     1     4
  1.3181540145536983E+00 a      2273     0   190     1     5
  5.3240659491060027E+00 a      2274     0   190     1     6
  3.3656295524384289E-02 a      2275     0   190     1     7
  8.4649719775565102E-01 a      2276     0   190     1     8
 -2.4492138618026509E+00 a      2277     0   190     1     9
  1.9450514382478596E+00 a      2278     0   190     1    10
  1.6427542356590412E+00 a      2279     0   190     1    11
 -1.4672747239114416E+00 a      2280     0   190     1    12
 -2.8742449726706019E+00 a      2281     0   191     1     1
 -4.8023449291679325E+00 a      2282     0   191     1     2
 -3.2302354998985097E+00 a      2283     0   191     1     3
 -8.4775611391413064E-01 a      2284     0   191     1     4
  1.5612085957251158E+00 a      2285     0   191     1     5
  5.3385769508483039E+00 a      2286     0   191     1     6
  9.0920198928857693E-02 a      2287     0   191     1     7
  1.0351894020162580E+00 a      2288     0   191     1     8
 -2.2660001991845591E+00 a      2289     0   191     1     9
  2.1258104368705375E+00 a      2290     0   191     1    10
  1.8406760701671088E+00 a      2291     0   191     1    11
 -1.2333061449790792E+00 a      2292     0   191     1    12
  1.3723708029243145E+00 a      2293     0   192     1     1
  2.0833200183662428E+00 a      2294     0   192     1     2
  5.2135306889925612E+00 a      2295     0   192     1     3
 -9.0202482576936652E-02 a      2296     0   192     1     4
 -1.5473125026763004E+00 a      2297     0   192     1     5
  1.0170686029756117E+00 a      2298     0   192     1     6
 -3.6397307479401436E-01 a      2299     0   192     1     7
  3.6083079746708751E+00 a      2300     0   192     1     8
  3.6113403594880045E+00 a      2301     0   192     1     9
  4.2040296548255218E-01 a      2302     0   192     1    10
 -4.1199552988475947E+00 a      2303     0   192     1    11
 -4.8297272328722034E+00 a      2304     0   192     1    12
 -9.1765428223941452E-03 a      2305     0   193     1     1
  1.1409054131087288E+00 a      2306     0   193     1     2
 -1.0325499971965084E+00 a      2307     0   193     1     3
  1.0878175029166361E+00 a      2308     0   193     1     4
 -1.8354592069509503E+00 a      2309     0   193     1     5
  1.0743291768179697E+00 a      2310     0   193     1     6
 -8.5475049009793580E-01 a      2311     0   193     1     7
 -1.1241115700372448E+00 a      2312     0   193     1     8
  1.4262103804940018E+00 a      2313     0   193     1     9
  2.9752859263992244E+00 a      2314     0   193     1    10
  8.5988665328858335E-02 a      2315     0   193     1    11
 -2.3339170624680707E+00 a      2316     0   193     1    12
 -2.0880014007047726E-01 a      2317     0   194     1     1
  1.2046316449484082E+00 a      2318     0   194     1     2
 -9.0745198320648435E-01 a      2319     0   194     1     3
  1.0462289736037684E+00 a      2320     0   194     1     4
 -1.6991826713468272E+00 a      2321     0   194     1     5
  1.1534136118862013E+00 a      2322     0   194     1     6
 -8.2630454479876392E-01 a      2323     0   194     1     7
 -1.2554068503990270E+00 a      2324     0   194     1     8
  1.2520162800581873E+00 a      2325     0   194     1     9
  2.9532952318661008E+00 a      2326     0   194     1    10
  4.9037447789359458E-02 a      2327     0   194     1    11
 -2.4005465295148665E+00 a      2328     0   194     1    12
 -3.9021443871112860E+00 a      2329     0   195     1     1
 -7.8581216527364328E-01 a      2330     0   195     1     2
 -9.8329067196757460E+00 a      2331     0   195     1     3
  9.6863527722413600E-01 a      2332     0   195     1     4
 -9.7389964707344880E+00 a      2333     0   195     1     5
 -2.9875333874063696E+00 a      2334     0   195     1     6
 -6.5456022846049802E+00 a      2335     0   195     1     7
 -5.9979314677789954E+00 a      2336     0   195     1     8
  4.3426578157341851E+00 a      2337     0   195     1     9
 -1.5216535337006096E-01 a      2338     0   195     1    10
  1.2094834674114704E+01 a      2339     0   195     1    11
 -1.7398193807653499E+00 a      2340     0   195     1    12
 -3.3500319547837130E+00 a      2341     0   196     1     1
 -4.8770612463425005E+00 a      2342     0   196     1     2
  2.4527319125512559E+00 a      2343     0   196     1     3
 -1.1109821486762834E+00 a      2344     0   196     1     4
 -5.1255235276987712E+00 a      2345     0   196     1     5
 -1.4017566284051080E+00 a      2346     0   196     1     6
 -8.4211842396069325E-01 a      2347     0   196     1     7
 -1.9259750062931658E-01 a      2348     0   196     1     8
 -6.3850311746318846E+00 a      2349     0   196     1     9
 -9.0509001188086913E-01 a      2350     0   196     1    10
  4.0912448681117048E+00 a      2351     0   196     1    11
 -1.1580064079104807E-01 a      2352     0   196     1    12
 -3.3317741402271750E+00 a      2353     0   197     1     1
 -5.0210269989220437E+00 a      2354     0   197     1     2
  2.3202114235079541E+00 a      2355     0   197     1     3
 -1.1145053503511071E+00 a      2356     0   197     1     4
 -5.1051073067281205E+00 a      2357     0   197     1     5
 -1.2299030905685122E+00 a      2358     0   197     1     6
 -8.6558968420056948E-01 a      2359     0   197     1     7
 -2.3732551905790669E-01 a      2360     0   197     1     8
 -6.3364360155994248E+00 a      2361     0   197     1     9
 -8.9692674465786637E-01 a      2362     0   197     1    10
  4.2470432111537137E+00 a      2363     0   197     1    11
 -3.3987060133258873E-01 a      2364     0   197     1    12
  8.0020954850341619E-01 a      2365     0   198     1     1
  1.1451594333921722E+00 a      2366     0   198     1     2
  5.3118680429776930E+00 a      2367     0   198     1     3
  2.9878038628884727E+00 a      2368     0   198     1     4
 -2.4609395240210885E+00 a      2369     0   198     1     5
  4.8800393432183072E-02 a      2370     0   198     1     6
  4.2454581346542558E-01 a      2371     0   198     1     7
  1.0472887818364796E+00 a      2372     0   198     1     8
  4.7057407163328149E+00 a      2373     0   198     1     9
  4.0249182582888099E-01 a      2374     0   198     1    10
 -2.7259774683294715E+00 a      2375     0   198     1    11
 -4.4183890037390325E+00 a      2376     0   198     1    12
  4.1539829367068187E-01 a      2377     0   199     1     1
  2.8692295092597968E+00 a      2378     0   199     1     2
  7.8255724602950638E-01 a      2379     0   199     1     3
  1.4488286658171008E+00 a      2380     0   199     1     4
 -4.0719247911883896E+00 a      2381     0   199     1     5
 -1.1244671557924888E+00 a      2382     0   199     1     6
 -1.1900709384666597E+00 a      2383     0   199     1     7
 -1.8057484907445081E+00 a      2384     0   199     1     8
  1.3299505579144306E+00 a      2385     0   199     1     9
  2.6258897127568210E+00 a      2386     0   199     1    10
  1.2943460326598277E-01 a      2387     0   199     1    11
 -2.6309712013824171E+00 a      2388     0   199     1    12
  3.7056157692871539E-01 a      2389     0   200     1     1
  2.8062111376905823E+00 a      2390     0   200     1     2
  8.8246729510798283E-01 a      2391     0   200     1     3
  1.3632096598350880E+00 a      2392     0   200     1     4
 -4.0484848415150623E+00 a      2393     0   200     1     5
 -1.0607523546886923E+00 a      2394     0   200     1     6
 -1.2899746900897768E+00 a      2395     0   200     1     7
 -1.9387579487406892E+00 a      2396     0   200     1     8
  1.5126011433214495E+00 a      2397     0   200     1     9
  2.5911764410165263E+00 a      2398     0   200     1    10
  2.7033225025419466E-01 a      2399     0   200     1    11
 -2.5642122400644616E+00 a      2400     0   200     1    12
 -5.3200386338263854E+00 a      2401     0   201     1     1
  3.0743984423319746E+00 a      2402     0   201     1     2
 -2.7352501854795244E+00 a      2403     0   201     1     3
 -4.4776967928172215E+00 a      2404     0   201     1     4
  9.1598738232776853E+00 a      2405     0   201     1     5
  9.6966646025239311E-01 a      2406     0   201     1     6
  5.2928948890562824E+00 a      2407     0   201     1     7
 -9.3570578899828705E-01 a      2408     0   201     1     8
 -2.5774794566100110E+00 a      2409     0   201     1     9
 -7.5184614097097557E-01 a      2410     0   201     1    10
 -3.3124782904442895E+00 a      2411     0   201     1    11
  3.0720937043140131E+00 a      2412     0   201     1    12
 -2.9540465424333311E+00 a      2413     0   202     1     1
  8.1910364784223262E+00 a      2414     0   202     1     2
  5.1689258291382389E-01 a      2415     0   202     1     3
 -5.9941445519623215E-01 a      2416     0   202     1     4
  4.7958675205097805E+00 a      2417     0   202     1     5
 -2.0286215532317762E+00 a      2418     0   202     1     6
  1.1588867335053266E+00 a      2419     0   202     1     7
 -4.4924891417703411E-01 a      2420     0   202     1     8
  1.2042740517598796E+00 a      2421     0   202     1     9
  2.7485286095670829E+00 a      2422     0   202     1    10
 -5.6303433885623200E+00 a      2423     0   202     1    11
 -1.6400582481335928E+00 a      2424     0   202     1    12
 -3.0729744111659092E+00 a      2425     0   203     1     1
  8.1730546708904690E+00 a      2426     0   203     1     2
  6.6970699405430778E-01 a      2427     0   203     1     3
 -6.8491981474105013E-01 a      2428     0   203     1     4
  4.9522045574122249E+00 a      2429     0   203     1     5
 -1.9024131624261975E+00 a      2430     0   203     1     6
  1.2721055186108021E+00 a      2431     0   203     1     7
 -3.2944857471334382E-01 a      2432     0   203     1     8
  1.1566187353419088E+00 a      2433     0   203     1     9
  2.8009312463914933E+00 a      2434     0   203     1    10
 -5.5494247066465308E+00 a      2435     0   203     1    11
 -1.7084912488766344E+00 a      2436     0   203     1    12
 -6.2595550719341020E-01 a      2437     0   204     1     1
 -1.0696661177835998E+00 a      2438     0   204     1     2
  2.7565307660737344E+00 a      2439     0   204     1     3
  7.5761667081005246E+00 a      2440     0   204     1     4
 -5.4760029150107066E+00 a      2441     0   204     1     5
 -8.9684939644665007E-01 a      2442     0   204     1     6
  8.7197463052360802E-01 a      2443     0   204     1     7
 -5.0819746072857228E+00 a      2444     0   204     1     8
  6.2257789223279998E+00 a      2445     0   204     1     9
  5.2427502034675610E-01 a      2446     0   204     1    10
  1.8701325123947843E+00 a      2447     0   204     1    11
 -1.4667669799813685E+00 a      2448     0   204     1    12
  8.0449642077685823E-01 a      2449     0   205     1     1
  2.6173588992363004E+00 a      2450     0   205     1     2
  4.2568822534862445E+00 a      2451     0   205     1     3
  1.4907201017119596E+00 a      2452     0   205     1     4
 -7.9270596944286558E+00 a      2453     0   205     1     5
 -6.1369610537368615E+00 a      2454     0   205     1     6
 -2.1862795169447207E+00 a      2455     0   205     1     7
 -3.1648605793831979E+00 a      2456     0   205     1     8
 -4.7119157330975388E-02 a      2457     0   205     1     9
  1.5995248621288566E-01 a      2458     0   205     1    10
 -4.2614612698583015E-01 a      2459     0   205     1    11
 -1.4901338308976417E+00 a      2460     0   205     1    12
  9.8389734689049535E-01 a      2461     0   206     1     1
  2.7087242271459107E+00 a      2462     0   206     1     2
  4.4401302482905445E+00 a      2463     0   206     1     3
  1.2798912596899847E+00 a      2464     0   206     1     4
 -7.9138624553475161E+00 a      2465     0   206     1     5
 -6.0774358662396200E+00 a      2466     0   206     1     6
 -2.0739024122517113E+00 a      2467     0   206     1     7
 -3.0814279005519816E+00 a      2468     0   206     1     8
 -5.4317933276577524E-03 a      2469     0   206     1     9
  6.5475499710169541E-02 a      2470     0   206     1    10
 -4.9869239818622230E-01 a      2471     0   206     1    11
 -1.4745471822862168E+00 a      2472     0   206     1    12
  3.4535878975845584E+00 a      2473     0   207     1     1
  1.0615588712151018E+00 a      2474     0   207     1     2
 -2.9178201346470214E+00 a      2475     0   207     1     3
  3.9065966507858635E-01 a      2476     0   207     1     4
  7.3449179693703525E-03 a      2477     0   207     1     5
 -1.5872549906765705E+00 a      2478     0   207     1     6
 -3.0267911621916523E+00 a      2479     0   207     1     7
 -1.0914249927927042E+00 a      2480     0   207     1     8
  1.2452185366521773E+00 a      2481     0   207     1     9
 -8.8884597802166176E-01 a      2482     0   207     1    10
  1.6326082680564788E-01 a      2483     0   207     1    11
 -5.8700696002658137E-01 a      2484     0   207     1    12
  2.3232427089133281E+00 a      2485     0   208     1     1
 -1.8692988723715209E+00 a      2486     0   208     1     2
 -2.0678013783394973E+00 a      2487     0   208     1     3
  6.8573515890624004E-01 a      2488     0   208     1     4
 -1.0491769244940521E+00 a      2489     0   208     1     5
  6.4237986333991748E-01 a      2490     0   208     1     6
  1.1098224389149109E+00 a      2491     0   208     1     7
  1.0746716739412219E+00 a      2492     0   208     1     8
  1.0931420564168490E+00 a      2493     0   208     1     9
 -8.3570183902701456E-01 a      2494     0   208     1    10
  1.3868311032228484E+00 a      2495     0   208     1    11
  1.2404473342823373E-02 a      2496     0   208     1    12
  2.4510293709975173E+00 a      2497     0   209     1     1
 -1.8737403009502296E+00 a      2498     0   209     1     2
 -2.1087826760421287E+00 a      2499     0   209     1     3
  6.7722593372147211E-01 a      2500     0   209     1     4
 -9.8393885032609052E-01 a      2501     0   209     1     5
  6.3150747150519226E-01 a      2502     0   209     1     6
  9.1422323789496074E-01 a      2503     0   209     1     7
  1.1416743370044717E+00 a      2504     0   209     1     8
  1.2298071695475628E+00 a      2505     0   209     1     9
 -9.3457497786387000E-01 a      2506     0   209     1    10
  1.5204659743192033E+00 a      2507     0   209     1    11
  1.5477174473533889E-01 a      2508     0   209     1    12
  2.6636530475010787E+00 a      2509     0   210     1     1
 -4.2900364177751582E+00 a      2510     0   210     1     2
 -2.5486527243698065E+00 a      2511     0   210     1     3
 -4.2077266032013849E+00 a      2512     0   210     1     4
 -4.5335853756518496E+00 a      2513     0   210     1     5
 -8.6295344567576504E-01 a      2514     0   210     1     6
 -7.7111322621232024E+00 a      2515     0   210     1     7
 -9.3522792848700345E+00 a      2516     0   210     1     8
  3.8127244203300319E+00 a      2517     0   210     1     9
 -6.9124661149883293E+00 a      2518     0   210     1    10
  2.7688463352748531E+00 a      2519     0   210     1    11
  4.5208727576855532E+00 a      2520     0   210     1    12
 -3.4712896268854494E+00 a      2521     0   211     1     1
 -4.2181766059904886E+00 a      2522     0   211     1     2
 -3.0104462645137873E+00 a      2523     0   211     1     3
 -6.1840945959354876E-01 a      2524     0   211     1     4
  1.1212263470028704E+01 a      2525     0   211     1     5
  5.6354700246751621E-01 a      2526     0   211     1     6
  2.9742878495973843E+00 a      2527     0   211     1     7
  9.0294545486120936E-01 a      2528     0   211     1     8
  1.4306239710138715E+00 a      2529     0   211     1     9
 -5.6690011004991643E+00 a      2530     0   211     1    10
  8.3989463295784522E-02 a      2531     0   211     1    11
  3.3272309162167732E+00 a      2532     0   211     1    12
 -3.4883710417770399E+00 a      2533     0   212     1     1
 -4.2239711449781074E+00 a      2534     0   212     1     2
 -2.8998455739700195E+00 a      2535     0   212     1     3
 -4.9771298199692182E-01 a      2536     0   212     1     4
  1.1229344963418582E+01 a      2537     0   212     1     5
  6.2509538239981988E-01 a      2538     0   212     1     6
  2.9252046624310237E+00 a      2539     0   212     1     7
  1.0839956752654718E+00 a      2540     0   212     1     8
  1.3420079769618749E+00 a      2541     0   212     1     9
 -5.4280506500433283E+00 a      2542     0   212     1    10
  1.0901786916235240E-01 a      2543     0   212     1    11
  3.2983078117747704E+00 a      2544     0   212     1    12
 -8.6459308977489047E-01 a      2545     0   213     1     1
 -3.2462565934585724E-01 a      2546     0   213     1     2
  6.1818440533969710E-01 a      2547     0   213     1     3
 -3.5237862851145024E-01 a      2548     0   213     1     4
 -3.8206618117140040E-01 a      2549     0   213     1     5
  2.3469419862428742E-01 a      2550     0   213     1     6
  8.9001361837497017E-01 a      2551     0   213     1     7
 -1.6112780335971305E-01 a      2552     0   213     1     8
  5.0841098429705212E-01 a      2553     0   213     1     9
 -4.1618502810038373E-03 a      2554     0   213     1    10
 -3.7542371596988505E-01 a      2555     0   213     1    11
 -1.1194847738627534E-01 a      2556     0   213     1    12
  1.4874720192839526E+00 a      2557     0   214     1     1
  1.6588573990210390E-01 a      2558     0   214     1     2
  3.2076483160885955E-01 a      2559     0   214     1     3
 -2.7471848761594048E-01 a      2560     0   214     1     4
  8.0045764993532775E-02 a      2561     0   214     1     5
  5.1305509921847237E-02 a      2562     0   214     1     6
 -2.7162939145834680E-01 a      2563     0   214     1     7
 -4.4360250772507198E-01 a      2564     0   214     1     8
  1.1223233087665632E+00 a      2565     0   214     1     9
  5.8474127777594503E-02 a      2566     0   214     1    10
  2.1495190281105742E-01 a      2567     0   214     1    11
 -5.6861582883749755E-02 a      2568     0   214     1    12
  1.5628194224674066E+00 a      2569     0   215     1     1
  3.3296545682385531E-01 a      2570     0   215     1     2
  4.0755499785937244E-01 a      2571     0   215     1     3
 -2.6450405698490587E-01 a      2572     0   215     1     4
 -1.8337425669302787E-01 a      2573     0   215     1     5
  6.8502945428829939E-02 a      2574     0   215     1     6
 -3.4598752950822670E-01 a      2575     0   215     1     7
 -3.5801767631702042E-01 a      2576     0   215     1     8
  1.1326159040895571E+00 a      2577     0   215     1     9
  7.2852425746879904E-02 a      2578     0   215     1    10
  4.2825386241227281E-02 a      2579     0   215     1    11
 -4.1605660571921499E-02 a      2580     0   215     1    12
 -1.2992155045120839E+00 a      2581     0   216     1     1
 -2.3748431276932060E+00 a      2582     0   216     1     2
  5.0005808619786221E-02 a      2583     0   216     1     3
 -1.5556202535206776E+00 a      2584     0   216     1     4
  3.3223924424663207E+00 a      2585     0   216     1     5
 -1.0854306829463727E+00 a      2586     0   216     1     6
 -6.5823159470071813E-01 a      2587     0   216     1     7
  3.4008108099754075E+00 a      2588     0   216     1     8
  1.2562670500293081E+00 a      2589     0   216     1     9
 -3.4634443514033233E+00 a      2590     0   216     1    10
 -6.0370018330294672E-01 a      2591     0   216     1    11
  3.3295480884281456E+00 a      2592     0   216     1    12
  7.2853297708879550E-01 a      2593     0   217     1     1
 -5.8276085869507233E-01 a      2594     0   217     1     2
  5.0411498113845010E-01 a      2595     0   217     1     3
 -1.2448323481755257E+00 a      2596     0   217     1     4
 -6.8204610660096165E-01 a      2597     0   217     1     5
  1.0124691717768282E+00 a      2598     0   217     1     6
 -1.6749816709183851E+00 a      2599     0   217     1     7
 -2.4585766755796515E-01 a      2600     0   217     1     8
  7.6328217186683311E-02 a      2601     0   217     1     9
  6.8747173014931551E-01 a      2602     0   217     1    10
  4.0032191165378678E-01 a      2603     0   217     1    11
  7.7370435085022737E-01 a      2604     0   217     1    12
  7.9955582740238140E-01 a      2605     0   218     1     1
 -5.6262473762970966E-01 a      2606     0   218     1     2
  6.0931116661007034E-01 a      2607     0   218     1     3
 -1.2790710035795880E+00 a      2608     0   218     1     4
 -8.8018510377007342E-01 a      2609     0   218     1     5
  8.2648421354626356E-01 a      2610     0   218     1     6
 -1.6833338810757297E+00 a      2611     0   218     1     7
 -1.2472342673041391E-01 a      2612     0   218     1     8
  1.5577811644199949E-01 a      2613     0   218     1     9
  8.5236473071676622E-01 a      2614     0   218     1    10
  2.4180322516105851E-01 a      2615     0   218     1    11
  7.2401367526611515E-01 a      2616     0   218     1    12
  1.4045015349697051E-01 b      2617     1     1
  1.2838014504570114E-01 b      2618     1     2
 -2.1469448852956574E-01 b      2619     1     3
 -3.6432850289678251E-03 b      2620     1     4
 -5.1644577866503394E-01 b      2621     1     5
 -2.8682452378659945E-01 b      2622     1     6
 -3.2603459053272027E-01 b      2623     1     7
  5.1677103814688186E-01 b      2624     1     8
  7.2639955231358744E-01 b      2625     1     9
 -2.7094072804573305E-01 b      2626     1    10
 -2.8288600500341388E+00 b      2627     1    11
  2.9408714904057620E-01 b      2628     1    12
 -2.8031050975173472E-01 a      2629     1     1     2     1
  1.7018551482075231E-01 a      2630     1     1     2     2
 -1.1248154111686094E-01 a      2631     1     1     2     3
  3.3152038495734115E-01 a      2632     1     1     2     4
 -1.3591323539057690E-01 a      2633     1     1     2     5
  8.8361823364990655E-02 a      2634     1     1     2     6
 -1.7284271226823766E-01 a      2635     1     1     2     7
  8.2681948711003983E-02 a      2636     1     1     2     8
  5.0211983100851496E-02 a      2637     1     1     2     9
 -8.9610717553702379E-01 a      2638     1     1     2    10
 -2.1253085420510501E-01 a      2639     1     1     2    11
  1.9290044764994888E-01 a      2640     1     1     2    12
  3.2836998992002830E-01 a      2641     1     2     2     1
 -1.7016958624406275E-02 a      2642     1     2     2     2
  9.1077131325393704E-02 a      2643     1     2     2     3
 -2.6164158397871562E-01 a      2644     1     2     2     4
  5.5643642484413253E-02 a      2645     1     2     2     5
  7.8737170639331533E-01 a      2646     1     2     2     6
  3.8695857812856178E-02 a      2647     1     2     2     7
 -1.8020438598888473E-02 a      2648     1     2     2     8
  3.0049662090983909E-02 a      2649     1     2     2     9
  5.5567063795507765E-01 a      2650     1     2     2    10
  1.4215774021775407E-01 a      2651     1     2     2    11
 -1.3332862372166968E-01 a      2652     1     2     2    12
  2.1440768852896658E-01 a      2653     1     3     2     1
  1.7479897868690436E-01 a      2654     1     3     2     2
  4.6071763433594523E-02 a      2655     1     3     2     3
 -1.3310548131453814E-01 a      2656     1     3     2     4
 -6.0420072657201257E-02 a      2657     1     3     2     5
  5.0567856536644137E-03 a      2658     1     3     2     6
  1.1530801338420132E-01 a      2659     1     3     2     7
  1.3976092413761093E-01 a      2660     1     3     2     8
  1.0417941116969365E-01 a      2661     1     3     2     9
  2.9620260696840872E-01 a      2662     1     3     2    10
 -9.6605905669271616E-02 a      2663     1     3     2    11
  5.1325770786046901E-02 a      2664     1     3     2    12
  1.3497820270078212E-01 a      2665     1     4     2     1
 -1.1527714573008066E-01 a      2666     1     4     2     2
  4.7677257329186089E-02 a      2667     1     4     2     3
 -6.8850083214475550E-03 a      2668     1     4     2     4
  7.4396629734820044E-02 a      2669     1     4     2     5
  1.2884715404423894E-01 a      2670     1     4     2     6
  1.3774885968415537E-01 a      2671     1     4     2     7
 -1.6757545376673891E-01 a      2672     1     4     2     8
 -2.4230261204089748E-01 a      2673     1     4     2     9
  4.8480507898964731E-01 a      2674     1     4     2    10
  1.7806391794901472E-01 a      2675     1     4     2    11
 -1.0318339903638310E-01 a      2676     1     4     2    12
  7.9574573470938215E-02 a      2677     1     5     2     1
 -4.7709005523713335E-02 a      2678     1     5     2     2
  6.8052291721033928E-02 a      2679     1     5     2     3
 -1.1051452974340326E-01 a      2680     1     5     2     4
 -3.3020200908775554E-02 a      2681     1     5     2     5
  1.0917869590392633E-01 a      2682     1     5     2     6
  5.0833743924072061E-01 a      2683     1     5     2     7
 -3.5097675290592475E-02 a      2684     1     5     2     8
 -1.6875370819210398E-02 a      2685     1     5     2     9
  2.4980742974588682E-01 a      2686     1     5     2    10
 -5.4631384442451469E-02 a      2687     1     5     2    11
 -6.3592195868885468E-02 a      2688     1     5     2    12
 -7.5851533821638423E-02 a      2689     1     6     2     1
  1.6902685645194823E-01 a      2690     1     6     2     2
 -1.1776812229775815E-01 a      2691     1     6     2     3
  3.2722102528826308E-01 a      2692     1     6     2     4
 -6.7725909131565343E-02 a      2693     1     6     2     5
 -1.4892849111835627E-01 a      2694     1     6     2     6
 -1.6045589299250745E-02 a      2695     1     6     2     7
  7.4527060019184244E-02 a      2696     1     6     2     8
 -5.2699705179647643E-02 a      2697     1     6     2     9
 -1.4580483931468896E-01 a      2698     1     6     2    10
 -1.2163645998540801E-01 a      2699     1     6     2    11
  1.3186650917117140E-01 a      2700     1     6     2    12
 -5.6539298542919647E-01 a      2701     1     7     2     1
 -3.3003293023693342E-01 a      2702     1     7     2     2
 -2.1002340740140324E-01 a      2703     1     7     2     3
  3.5098893887040622E-01 a      2704     1     7     2     4
 -8.9262183041647128E-04 a      2705     1     7     2     5
  5.8395258261881478E-01 a      2706     1     7     2     6
 -2.2212071010194351E-01 a      2707     1     7     2     7
 -9.3511203574908622E-02 a      2708     1     7     2     8
  2.7789382984579947E-02 a      2709     1     7     2     9
 -9.1911013909855066E-02 a      2710     1     7     2    10
  1.2646726290280788E-01 a      2711     1     7     2    11
  2.1267753661095158E-02 a      2712     1     7     2    12
  1.1526800274289006E-03 a      2713     1     8     2     1
  1.2647732171105991E-01 a      2714     1     8     2     2
  2.1954024939569061E-02 a      2715     1     8     2     3
 -9.4045719344953392E-03 a      2716     1     8     2     4
 -1.7590047328362415E-02 a      2717     1     8     2     5
 -2.9565636801149203E-01 a      2718     1     8     2     6
  1.6958166928565904E-01 a      2719     1     8     2     7
  7.3870019226988035E-02 a      2720     1     8     2     8
  2.3509262475817437E-02 a      2721     1     8     2     9
  5.6816203970194590E-01 a      2722     1     8     2    10
 -3.6208491874633673E-02 a      2723     1     8     2    11
 -1.9650137556861045E-02 a      2724     1     8     2    12
  5.9138555943219839E-01 a      2725     1     9     2     1
  1.7807691175136048E-01 a      2726     1     9     2     2
  1.9034017741881851E-01 a      2727     1     9     2     3
 -4.8555893931615568E-01 a      2728     1     9     2     4
  4.4817603220533131E-02 a      2729     1     9     2     5
 -1.4424662047972539E-01 a      2730     1     9     2     6
  7.3985266154325824E-02 a      2731     1     9     2     7
 -2.4960365637771736E-02 a      2732     1     9     2     8
 -1.2863804686114113E-02 a      2733     1     9     2     9
  9.0558801623425977E-01 a      2734     1     9     2    10
  1.2897167484277378E-01 a      2735     1     9     2    11
 -2.5317691757635685E-01 a      2736     1     9     2    12
 -8.9666343269631119E-02 a      2737     1    10     2     1
  2.9042995384130249E-01 a      2738     1    10     2     2
 -2.0535157484139386E-03 a      2739     1    10     2     3
  1.9239619590109236E-01 a      2740     1    10     2     4
 -8.0363583357693683E-02 a      2741     1    10     2     5
 -5.8432056552130118E-01 a      2742     1    10     2     6
 -2.3391733170601264E-02 a      2743     1    10     2     7
  3.5335211192869788E-02 a      2744     1    10     2     8
  3.9522260548975488E-03 a      2745     1    10     2     9
  1.0868920151514897E-02 a      2746     1    10     2    10
 -1.4301891213400239E-01 a      2747     1    10     2    11
  5.5455985033730337E-02 a      2748     1    10     2    12
  7.5427163309851386E-02 a      2749     1    11     2     1
 -3.2442536883413597E-01 a      2750     1    11     2     2
  1.4866705316285855E-01 a      2751     1    11     2     3
 -1.7049010560542882E-01 a      2752     1    11     2     4
  1.5251931187580445E-01 a      2753     1    11     2     5
 -2.1791869087249779E-01 a      2754     1    11     2     6
 -1.5283883379031700E+00 a      2755     1    11     2     7
 -1.1216230394864973E-01 a      2756     1    11     2     8
 -9.6395766904103133E-02 a      2757     1    11     2     9
  1.5620339629495716E+00 a      2758     1    11     2    10
  1.5074528740972351E-01 a      2759     1    11     2    11
 -8.3411539143695548E-02 a      2760     1    11     2    12
  9.6804264886691124E-02 a      2761     1    12     2     1
  2.3307757270978238E-01 a      2762     1    12     2     2
 -2.2276354988221714E-01 a      2763     1    12     2     3
 -2.7759808033149797E-01 a      2764     1    12     2     4
 -2.6624148922176760E-01 a      2765     1    12     2     5
 -1.4554378140996208E-01 a      2766     1    12     2     6
  1.9251879184384407E-02 a      2767     1    12     2     7
  1.7877210816190892E-01 a      2768     1    12     2     8
  2.0762836811413640E-01 a      2769     1    12     2     9
 -6.3476221748711970E-01 a      2770     1    12     2    10
 -6.3544857277776062E-02 a      2771     1    12     2    11
  8.1235325778434855E-02 a      2772     1    12     2    12
 -4.6741127992359417E-02 b      2773     2     1
 -2.7005778889892118E-01 b      2774     2     2
  8.2448280048711617E-02 b      2775     2     3
  2.7904776904388882E-02 b      2776     2     4
  1.1985734779967193E-01 b      2777     2     5
 -1.9085596099448189E-02 b      2778     2     6
 -1.4259184337195174E+00 b      2779     2     7
 -1.5061308957424802E-01 b      2780     2     8
 -1.0102343861746135E-01 b      2781     2     9
  1.4205037356260046E+00 b      2782     2    10
  1.0395775320159864E-01 b      2783     2    11
 -5.5976681004884038E-02 b      2784     2    12
  5.1844866292899652E-02 a      2785     2     1     3     1
 -7.0045542324448040E-02 a      2786     2     2     3     1
  2.9282932798759848E-02 a      2787     2     3     3     1
 -5.3174604419695612E-02 a      2788     2     4     3     1
  5.6773433595563007E-02 a      2789     2     5     3     1
 -6.5371292157167762E-02 a      2790     2     6     3     1
 -8.6284380591690371E-02 a      2791     2     7     3     1
 -5.4548212741963018E-02 a      2792     2     8     3     1
 -6.6438216437026548E-02 a      2793     2     9     3     1
 -3.9177878705808127E-02 a      2794     2    10     3     1
  5.5624609224595147E-02 a      2795     2    11     3     1
 -3.0391912588065548E-02 a      2796     2    12     3     1
 -3.9545770289495321E+00 b      2797     3     1
